-- phpMyAdmin SQL Dump
-- version 4.7.3
-- https://www.phpmyadmin.net/
--
-- Хост: 127.0.0.1:3306
-- Час створення: Бер 21 2020 р., 14:39
-- Версія сервера: 5.6.37
-- Версія PHP: 7.1.7

SET SQL_MODE = "NO_AUTO_VALUE_ON_ZERO";
SET AUTOCOMMIT = 0;
START TRANSACTION;
SET time_zone = "+00:00";


/*!40101 SET @OLD_CHARACTER_SET_CLIENT=@@CHARACTER_SET_CLIENT */;
/*!40101 SET @OLD_CHARACTER_SET_RESULTS=@@CHARACTER_SET_RESULTS */;
/*!40101 SET @OLD_COLLATION_CONNECTION=@@COLLATION_CONNECTION */;
/*!40101 SET NAMES utf8mb4 */;

--
-- База даних: `new_shop`
--

-- --------------------------------------------------------

--
-- Структура таблиці `aboutus`
--

CREATE TABLE `aboutus` (
  `id` int(11) NOT NULL,
  `title` text NOT NULL,
  `title_page` text NOT NULL,
  `description_page` text NOT NULL,
  `keywords` text NOT NULL,
  `description` text NOT NULL
) ENGINE=InnoDB DEFAULT CHARSET=utf8;

--
-- Дамп даних таблиці `aboutus`
--

INSERT INTO `aboutus` (`id`, `title`, `title_page`, `description_page`, `keywords`, `description`) VALUES
(1, 'ergerg', 'gererger', 'gerer', 'rgegerg', 'errger'),
(2, 'werger', 'gergergergg', 'ergergerg', 'ergererergergerg', 'ergerg');

-- --------------------------------------------------------

--
-- Структура таблиці `actions`
--

CREATE TABLE `actions` (
  `id` int(255) NOT NULL,
  `title` text NOT NULL,
  `image` text NOT NULL,
  `date_end` datetime NOT NULL
) ENGINE=InnoDB DEFAULT CHARSET=utf8;

-- --------------------------------------------------------

--
-- Структура таблиці `attributes`
--

CREATE TABLE `attributes` (
  `id` int(11) NOT NULL,
  `name` varchar(1000) NOT NULL
) ENGINE=InnoDB DEFAULT CHARSET=utf8;

--
-- Дамп даних таблиці `attributes`
--

INSERT INTO `attributes` (`id`, `name`) VALUES
(8, 'Основні атрибути'),
(12, 'Прес-служба');

-- --------------------------------------------------------

--
-- Структура таблиці `attributes_categories`
--

CREATE TABLE `attributes_categories` (
  `id` int(11) NOT NULL,
  `attribute_id` int(11) NOT NULL,
  `category_id` int(11) NOT NULL
) ENGINE=InnoDB DEFAULT CHARSET=utf8;

--
-- Дамп даних таблиці `attributes_categories`
--

INSERT INTO `attributes_categories` (`id`, `attribute_id`, `category_id`) VALUES
(92, 4, 18),
(93, 5, 18),
(94, 6, 18),
(95, 7, 18),
(96, 4, 19),
(97, 5, 19),
(98, 6, 19),
(99, 7, 19),
(100, 7, 20),
(103, 5, 21),
(104, 6, 21),
(105, 4, 22),
(106, 4, 23),
(107, 4, 24),
(108, 4, 25),
(109, 5, 26),
(110, 5, 27);

-- --------------------------------------------------------

--
-- Структура таблиці `attributes_items`
--

CREATE TABLE `attributes_items` (
  `id` int(255) NOT NULL,
  `name` text NOT NULL,
  `parent_id` text NOT NULL
) ENGINE=InnoDB DEFAULT CHARSET=utf8;

--
-- Дамп даних таблиці `attributes_items`
--

INSERT INTO `attributes_items` (`id`, `name`, `parent_id`) VALUES
(1, 'Колір', '8'),
(2, 'Матеріал', '8'),
(3, 'Andriy', '8');

-- --------------------------------------------------------

--
-- Структура таблиці `attributes_products`
--

CREATE TABLE `attributes_products` (
  `id` int(255) NOT NULL,
  `attribute_id` int(255) NOT NULL,
  `product_id` int(255) NOT NULL,
  `value` varchar(1000) NOT NULL
) ENGINE=InnoDB DEFAULT CHARSET=utf8;

--
-- Дамп даних таблиці `attributes_products`
--

INSERT INTO `attributes_products` (`id`, `attribute_id`, `product_id`, `value`) VALUES
(144, 1, 178, '3003'),
(145, 3, 178, '200'),
(146, 2, 179, '300'),
(147, 1, 179, '200'),
(148, 2, 180, '200'),
(149, 1, 180, '400'),
(151, 1, 181, '200'),
(152, 2, 181, '200'),
(153, 2, 183, '200'),
(154, 1, 183, '200'),
(161, 2, 184, '2341'),
(162, 3, 184, '324234'),
(163, 1, 184, '324234'),
(164, 2, 186, '200'),
(165, 1, 186, '3'),
(166, 3, 187, '200'),
(167, 2, 187, '300'),
(174, 3, 188, '200'),
(175, 2, 188, '300'),
(178, 2, 190, '200'),
(179, 3, 190, '300'),
(180, 1, 192, '200'),
(184, 2, 194, '200'),
(191, 2, 195, '200'),
(192, 3, 195, '300');

-- --------------------------------------------------------

--
-- Структура таблиці `a_dmad_hybrid_auth_phinxlog`
--

CREATE TABLE `a_dmad_hybrid_auth_phinxlog` (
  `version` bigint(20) NOT NULL,
  `migration_name` varchar(100) DEFAULT NULL,
  `start_time` timestamp NULL DEFAULT NULL,
  `end_time` timestamp NULL DEFAULT NULL,
  `breakpoint` tinyint(1) NOT NULL DEFAULT '0'
) ENGINE=InnoDB DEFAULT CHARSET=utf8;

--
-- Дамп даних таблиці `a_dmad_hybrid_auth_phinxlog`
--

INSERT INTO `a_dmad_hybrid_auth_phinxlog` (`version`, `migration_name`, `start_time`, `end_time`, `breakpoint`) VALUES
(20150813000000, 'CreateSocialProfiles', '2019-08-07 10:08:59', '2019-08-07 10:08:59', 0);

-- --------------------------------------------------------

--
-- Структура таблиці `blogs`
--

CREATE TABLE `blogs` (
  `id` int(255) NOT NULL,
  `title_page` text NOT NULL,
  `slug` text NOT NULL,
  `text` text NOT NULL,
  `keywords` text NOT NULL,
  `description` text NOT NULL,
  `image` text NOT NULL,
  `title` text NOT NULL,
  `category_id` int(11) NOT NULL
) ENGINE=InnoDB DEFAULT CHARSET=utf8;

--
-- Дамп даних таблиці `blogs`
--

INSERT INTO `blogs` (`id`, `title_page`, `slug`, `text`, `keywords`, `description`, `image`, `title`, `category_id`) VALUES
(12, 'ydty', 'rthrthrthrt', '<p>rthrthtrh</p>\r\n', 'rthrtrt', 'rtthrth', 'a8354a5d1d632616360fb411464e82e5.jpg', 'rthtr', 0),
(13, 'jtyj', 'memory', '<p>ergerergerg</p>\r\n', 'grereg', 'reergerg', '10af7f00ea6576569e6af0ac17663b1a.jpg', 'Virtual books exposition', 0),
(14, '3r34', 'memory', '<p>ergergergerger</p>\r\n', 'ergergerg', 'ergerg', 'a91355c06e5fe84b8a5dc2fab53b4eb5.jpg', 'Virtual books exposition', 1);

-- --------------------------------------------------------

--
-- Структура таблиці `blog_categories`
--

CREATE TABLE `blog_categories` (
  `id` int(255) NOT NULL,
  `name` varchar(1000) NOT NULL
) ENGINE=InnoDB DEFAULT CHARSET=utf8;

--
-- Дамп даних таблиці `blog_categories`
--

INSERT INTO `blog_categories` (`id`, `name`) VALUES
(1, 'Прес-службаukz');

-- --------------------------------------------------------

--
-- Структура таблиці `categories`
--

CREATE TABLE `categories` (
  `id` int(11) NOT NULL,
  `name` varchar(255) NOT NULL,
  `parent_id` int(11) NOT NULL,
  `image` text NOT NULL,
  `desription` text NOT NULL,
  `title` text NOT NULL,
  `description_page` text NOT NULL,
  `keywords` text NOT NULL,
  `title_h1` text NOT NULL,
  `slug` text NOT NULL,
  `position` int(11) NOT NULL,
  `picture` text NOT NULL
) ENGINE=InnoDB DEFAULT CHARSET=utf8;

--
-- Дамп даних таблиці `categories`
--

INSERT INTO `categories` (`id`, `name`, `parent_id`, `image`, `desription`, `title`, `description_page`, `keywords`, `title_h1`, `slug`, `position`, `picture`) VALUES
(30, 'Барне обладнання', 0, '<svg xmlns=\"http://www.w3.org/2000/svg\" width=\"68\" height=\"85\" viewBox=\"0 0 68 85\">   <path id=\"bar\" d=\"M0,85,29.887,74.444V54.7C14.806,52.919,5.209,42.775,5.209,28.791c0-8.5,7.951-27.145,8.363-27.968L13.846,0h40.17l.411.823c.411.823,8.363,19.468,8.363,27.968,0,13.984-9.6,24.128-24.677,25.911V74.444L68,85ZM7.951,28.791c0,13.024,8.911,21.935,23.443,23.307l1.234.137V76.363L15.9,82.259H51.959l-16.59-5.9V52.235L36.6,52.1c14.533-1.372,23.444-10.283,23.444-23.307,0-6.992-6.169-22.347-7.814-26.048H15.765C14.12,6.445,7.951,21.8,7.951,28.791Zm2.742-1.371V26.048H57.306V27.42c0,13.3-9.185,21.934-23.307,21.934S10.693,40.718,10.693,27.42ZM34,46.613c12.065,0,19.879-6.991,20.565-17.822H13.436C13.983,39.622,21.934,46.613,34,46.613ZM35.37,8.226V5.485h5.485V8.226Zm-15.08,0V5.485H32.628V8.226Z\" transform=\"translate(0 0)\"/> </svg>', '', 'Барне обладнання', 'Барне обладнання', 'Барне обладнання', 'Барне обладнання', 'Barne-obladnannya', 1, 'd4c2014c8531fac8a2e30505cc73884b.jpg'),
(31, 'Станція бармена', 30, '<svg xmlns=\"http://www.w3.org/2000/svg\" width=\"68\" height=\"85\" viewBox=\"0 0 68 85\">   <path id=\"bar\" d=\"M0,85,29.887,74.444V54.7C14.806,52.919,5.209,42.775,5.209,28.791c0-8.5,7.951-27.145,8.363-27.968L13.846,0h40.17l.411.823c.411.823,8.363,19.468,8.363,27.968,0,13.984-9.6,24.128-24.677,25.911V74.444L68,85ZM7.951,28.791c0,13.024,8.911,21.935,23.443,23.307l1.234.137V76.363L15.9,82.259H51.959l-16.59-5.9V52.235L36.6,52.1c14.533-1.372,23.444-10.283,23.444-23.307,0-6.992-6.169-22.347-7.814-26.048H15.765C14.12,6.445,7.951,21.8,7.951,28.791Zm2.742-1.371V26.048H57.306V27.42c0,13.3-9.185,21.934-23.307,21.934S10.693,40.718,10.693,27.42ZM34,46.613c12.065,0,19.879-6.991,20.565-17.822H13.436C13.983,39.622,21.934,46.613,34,46.613ZM35.37,8.226V5.485h5.485V8.226Zm-15.08,0V5.485H32.628V8.226Z\" transform=\"translate(0 0)\"/> </svg>', '', 'Станція бармена', 'Станція бармена', 'Станція бармена', 'Станція бармена', 'Stanciya-barmena', 1, '1230861334ccbb1f1ec1ca9c539b997e.jpg'),
(32, 'Соковитискачі', 30, '<svg xmlns=\"http://www.w3.org/2000/svg\" width=\"68\" height=\"85\" viewBox=\"0 0 68 85\">   <path id=\"bar\" d=\"M0,85,29.887,74.444V54.7C14.806,52.919,5.209,42.775,5.209,28.791c0-8.5,7.951-27.145,8.363-27.968L13.846,0h40.17l.411.823c.411.823,8.363,19.468,8.363,27.968,0,13.984-9.6,24.128-24.677,25.911V74.444L68,85ZM7.951,28.791c0,13.024,8.911,21.935,23.443,23.307l1.234.137V76.363L15.9,82.259H51.959l-16.59-5.9V52.235L36.6,52.1c14.533-1.372,23.444-10.283,23.444-23.307,0-6.992-6.169-22.347-7.814-26.048H15.765C14.12,6.445,7.951,21.8,7.951,28.791Zm2.742-1.371V26.048H57.306V27.42c0,13.3-9.185,21.934-23.307,21.934S10.693,40.718,10.693,27.42ZM34,46.613c12.065,0,19.879-6.991,20.565-17.822H13.436C13.983,39.622,21.934,46.613,34,46.613ZM35.37,8.226V5.485h5.485V8.226Zm-15.08,0V5.485H32.628V8.226Z\" transform=\"translate(0 0)\"/> </svg>', '', 'Соковитискачі', 'Соковитискачі', 'Соковитискачі', 'Соковитискачі', 'Sokovytyskachi', 2, ''),
(33, 'Cоковитискачі центрифужні', 32, '<svg xmlns=\"http://www.w3.org/2000/svg\" width=\"68\" height=\"85\" viewBox=\"0 0 68 85\">   <path id=\"bar\" d=\"M0,85,29.887,74.444V54.7C14.806,52.919,5.209,42.775,5.209,28.791c0-8.5,7.951-27.145,8.363-27.968L13.846,0h40.17l.411.823c.411.823,8.363,19.468,8.363,27.968,0,13.984-9.6,24.128-24.677,25.911V74.444L68,85ZM7.951,28.791c0,13.024,8.911,21.935,23.443,23.307l1.234.137V76.363L15.9,82.259H51.959l-16.59-5.9V52.235L36.6,52.1c14.533-1.372,23.444-10.283,23.444-23.307,0-6.992-6.169-22.347-7.814-26.048H15.765C14.12,6.445,7.951,21.8,7.951,28.791Zm2.742-1.371V26.048H57.306V27.42c0,13.3-9.185,21.934-23.307,21.934S10.693,40.718,10.693,27.42ZM34,46.613c12.065,0,19.879-6.991,20.565-17.822H13.436C13.983,39.622,21.934,46.613,34,46.613ZM35.37,8.226V5.485h5.485V8.226Zm-15.08,0V5.485H32.628V8.226Z\" transform=\"translate(0 0)\"/> </svg>', '', 'Cоковитискачі центрифужні', 'Cоковитискачі центрифужні', 'Cоковитискачі центрифужні', 'Cоковитискачі центрифужні', 'sokovytyskachi-centryfuzhni', 1, ''),
(34, 'Шнекові', 32, '<svg xmlns=\"http://www.w3.org/2000/svg\" width=\"68\" height=\"85\" viewBox=\"0 0 68 85\">   <path id=\"bar\" d=\"M0,85,29.887,74.444V54.7C14.806,52.919,5.209,42.775,5.209,28.791c0-8.5,7.951-27.145,8.363-27.968L13.846,0h40.17l.411.823c.411.823,8.363,19.468,8.363,27.968,0,13.984-9.6,24.128-24.677,25.911V74.444L68,85ZM7.951,28.791c0,13.024,8.911,21.935,23.443,23.307l1.234.137V76.363L15.9,82.259H51.959l-16.59-5.9V52.235L36.6,52.1c14.533-1.372,23.444-10.283,23.444-23.307,0-6.992-6.169-22.347-7.814-26.048H15.765C14.12,6.445,7.951,21.8,7.951,28.791Zm2.742-1.371V26.048H57.306V27.42c0,13.3-9.185,21.934-23.307,21.934S10.693,40.718,10.693,27.42ZM34,46.613c12.065,0,19.879-6.991,20.565-17.822H13.436C13.983,39.622,21.934,46.613,34,46.613ZM35.37,8.226V5.485h5.485V8.226Zm-15.08,0V5.485H32.628V8.226Z\" transform=\"translate(0 0)\"/> </svg>', '', 'Шнекові', 'Шнекові', 'Шнекові', 'Шнекові', 'shnekovi', 2, ''),
(35, 'Для цитрусових', 32, '<svg xmlns=\"http://www.w3.org/2000/svg\" width=\"68\" height=\"85\" viewBox=\"0 0 68 85\">   <path id=\"bar\" d=\"M0,85,29.887,74.444V54.7C14.806,52.919,5.209,42.775,5.209,28.791c0-8.5,7.951-27.145,8.363-27.968L13.846,0h40.17l.411.823c.411.823,8.363,19.468,8.363,27.968,0,13.984-9.6,24.128-24.677,25.911V74.444L68,85ZM7.951,28.791c0,13.024,8.911,21.935,23.443,23.307l1.234.137V76.363L15.9,82.259H51.959l-16.59-5.9V52.235L36.6,52.1c14.533-1.372,23.444-10.283,23.444-23.307,0-6.992-6.169-22.347-7.814-26.048H15.765C14.12,6.445,7.951,21.8,7.951,28.791Zm2.742-1.371V26.048H57.306V27.42c0,13.3-9.185,21.934-23.307,21.934S10.693,40.718,10.693,27.42ZM34,46.613c12.065,0,19.879-6.991,20.565-17.822H13.436C13.983,39.622,21.934,46.613,34,46.613ZM35.37,8.226V5.485h5.485V8.226Zm-15.08,0V5.485H32.628V8.226Z\" transform=\"translate(0 0)\"/> </svg>', '', 'Для цитрусових', 'Для цитрусових', 'Для цитрусових', 'Для цитрусових', 'Dlya-cytrusovyx', 3, ''),
(36, 'Механічні', 32, '<svg xmlns=\"http://www.w3.org/2000/svg\" width=\"68\" height=\"85\" viewBox=\"0 0 68 85\">   <path id=\"bar\" d=\"M0,85,29.887,74.444V54.7C14.806,52.919,5.209,42.775,5.209,28.791c0-8.5,7.951-27.145,8.363-27.968L13.846,0h40.17l.411.823c.411.823,8.363,19.468,8.363,27.968,0,13.984-9.6,24.128-24.677,25.911V74.444L68,85ZM7.951,28.791c0,13.024,8.911,21.935,23.443,23.307l1.234.137V76.363L15.9,82.259H51.959l-16.59-5.9V52.235L36.6,52.1c14.533-1.372,23.444-10.283,23.444-23.307,0-6.992-6.169-22.347-7.814-26.048H15.765C14.12,6.445,7.951,21.8,7.951,28.791Zm2.742-1.371V26.048H57.306V27.42c0,13.3-9.185,21.934-23.307,21.934S10.693,40.718,10.693,27.42ZM34,46.613c12.065,0,19.879-6.991,20.565-17.822H13.436C13.983,39.622,21.934,46.613,34,46.613ZM35.37,8.226V5.485h5.485V8.226Zm-15.08,0V5.485H32.628V8.226Z\" transform=\"translate(0 0)\"/> </svg>', '', 'Механічні', 'Механічні', 'Механічні', 'Механічні', 'mexanichni', 4, ''),
(37, 'Сокоохолоджувачі', 30, '<svg xmlns=\"http://www.w3.org/2000/svg\" width=\"68\" height=\"85\" viewBox=\"0 0 68 85\">   <path id=\"bar\" d=\"M0,85,29.887,74.444V54.7C14.806,52.919,5.209,42.775,5.209,28.791c0-8.5,7.951-27.145,8.363-27.968L13.846,0h40.17l.411.823c.411.823,8.363,19.468,8.363,27.968,0,13.984-9.6,24.128-24.677,25.911V74.444L68,85ZM7.951,28.791c0,13.024,8.911,21.935,23.443,23.307l1.234.137V76.363L15.9,82.259H51.959l-16.59-5.9V52.235L36.6,52.1c14.533-1.372,23.444-10.283,23.444-23.307,0-6.992-6.169-22.347-7.814-26.048H15.765C14.12,6.445,7.951,21.8,7.951,28.791Zm2.742-1.371V26.048H57.306V27.42c0,13.3-9.185,21.934-23.307,21.934S10.693,40.718,10.693,27.42ZM34,46.613c12.065,0,19.879-6.991,20.565-17.822H13.436C13.983,39.622,21.934,46.613,34,46.613ZM35.37,8.226V5.485h5.485V8.226Zm-15.08,0V5.485H32.628V8.226Z\" transform=\"translate(0 0)\"/> </svg>', '', 'Сокоохолоджувачі', 'Сокоохолоджувачі', 'Сокоохолоджувачі', 'Сокоохолоджувачі', 'Sokooxolodzhuvachi', 3, ''),
(38, 'Міксери для коктейлів', 30, '<svg xmlns=\"http://www.w3.org/2000/svg\" width=\"68\" height=\"85\" viewBox=\"0 0 68 85\">   <path id=\"bar\" d=\"M0,85,29.887,74.444V54.7C14.806,52.919,5.209,42.775,5.209,28.791c0-8.5,7.951-27.145,8.363-27.968L13.846,0h40.17l.411.823c.411.823,8.363,19.468,8.363,27.968,0,13.984-9.6,24.128-24.677,25.911V74.444L68,85ZM7.951,28.791c0,13.024,8.911,21.935,23.443,23.307l1.234.137V76.363L15.9,82.259H51.959l-16.59-5.9V52.235L36.6,52.1c14.533-1.372,23.444-10.283,23.444-23.307,0-6.992-6.169-22.347-7.814-26.048H15.765C14.12,6.445,7.951,21.8,7.951,28.791Zm2.742-1.371V26.048H57.306V27.42c0,13.3-9.185,21.934-23.307,21.934S10.693,40.718,10.693,27.42ZM34,46.613c12.065,0,19.879-6.991,20.565-17.822H13.436C13.983,39.622,21.934,46.613,34,46.613ZM35.37,8.226V5.485h5.485V8.226Zm-15.08,0V5.485H32.628V8.226Z\" transform=\"translate(0 0)\"/> </svg>', '', 'Міксери для коктейлів', 'Міксери для коктейлів', 'Міксери для коктейлів', 'Міксери для коктейлів', 'Miksery-dlya-koktejliv', 4, ''),
(39, 'Блендери професійні', 30, '<svg xmlns=\"http://www.w3.org/2000/svg\" width=\"68\" height=\"85\" viewBox=\"0 0 68 85\">   <path id=\"bar\" d=\"M0,85,29.887,74.444V54.7C14.806,52.919,5.209,42.775,5.209,28.791c0-8.5,7.951-27.145,8.363-27.968L13.846,0h40.17l.411.823c.411.823,8.363,19.468,8.363,27.968,0,13.984-9.6,24.128-24.677,25.911V74.444L68,85ZM7.951,28.791c0,13.024,8.911,21.935,23.443,23.307l1.234.137V76.363L15.9,82.259H51.959l-16.59-5.9V52.235L36.6,52.1c14.533-1.372,23.444-10.283,23.444-23.307,0-6.992-6.169-22.347-7.814-26.048H15.765C14.12,6.445,7.951,21.8,7.951,28.791Zm2.742-1.371V26.048H57.306V27.42c0,13.3-9.185,21.934-23.307,21.934S10.693,40.718,10.693,27.42ZM34,46.613c12.065,0,19.879-6.991,20.565-17.822H13.436C13.983,39.622,21.934,46.613,34,46.613ZM35.37,8.226V5.485h5.485V8.226Zm-15.08,0V5.485H32.628V8.226Z\" transform=\"translate(0 0)\"/> </svg>', '', 'Блендери професійні', 'Блендери професійні', 'Блендери професійні', 'Блендери професійні', 'Blendery-profesijni', 5, ''),
(40, 'Електрокип’ятильники та чаєроздатчики', 30, '<svg xmlns=\"http://www.w3.org/2000/svg\" width=\"68\" height=\"85\" viewBox=\"0 0 68 85\">   <path id=\"bar\" d=\"M0,85,29.887,74.444V54.7C14.806,52.919,5.209,42.775,5.209,28.791c0-8.5,7.951-27.145,8.363-27.968L13.846,0h40.17l.411.823c.411.823,8.363,19.468,8.363,27.968,0,13.984-9.6,24.128-24.677,25.911V74.444L68,85ZM7.951,28.791c0,13.024,8.911,21.935,23.443,23.307l1.234.137V76.363L15.9,82.259H51.959l-16.59-5.9V52.235L36.6,52.1c14.533-1.372,23.444-10.283,23.444-23.307,0-6.992-6.169-22.347-7.814-26.048H15.765C14.12,6.445,7.951,21.8,7.951,28.791Zm2.742-1.371V26.048H57.306V27.42c0,13.3-9.185,21.934-23.307,21.934S10.693,40.718,10.693,27.42ZM34,46.613c12.065,0,19.879-6.991,20.565-17.822H13.436C13.983,39.622,21.934,46.613,34,46.613ZM35.37,8.226V5.485h5.485V8.226Zm-15.08,0V5.485H32.628V8.226Z\" transform=\"translate(0 0)\"/> </svg>', '', 'Електрокип’ятильники та чаєроздатчики', 'Електрокип’ятильники та чаєроздатчики', 'Електрокип’ятильники та чаєроздатчики', 'Електрокип’ятильники та чаєроздатчики', 'Elektrokypyatylnyky-ta-chayerozdatchyky', 6, ''),
(41, 'Льодогенератори', 30, '<svg xmlns=\"http://www.w3.org/2000/svg\" width=\"68\" height=\"85\" viewBox=\"0 0 68 85\">   <path id=\"bar\" d=\"M0,85,29.887,74.444V54.7C14.806,52.919,5.209,42.775,5.209,28.791c0-8.5,7.951-27.145,8.363-27.968L13.846,0h40.17l.411.823c.411.823,8.363,19.468,8.363,27.968,0,13.984-9.6,24.128-24.677,25.911V74.444L68,85ZM7.951,28.791c0,13.024,8.911,21.935,23.443,23.307l1.234.137V76.363L15.9,82.259H51.959l-16.59-5.9V52.235L36.6,52.1c14.533-1.372,23.444-10.283,23.444-23.307,0-6.992-6.169-22.347-7.814-26.048H15.765C14.12,6.445,7.951,21.8,7.951,28.791Zm2.742-1.371V26.048H57.306V27.42c0,13.3-9.185,21.934-23.307,21.934S10.693,40.718,10.693,27.42ZM34,46.613c12.065,0,19.879-6.991,20.565-17.822H13.436C13.983,39.622,21.934,46.613,34,46.613ZM35.37,8.226V5.485h5.485V8.226Zm-15.08,0V5.485H32.628V8.226Z\" transform=\"translate(0 0)\"/> </svg>', '', 'Льодогенератори', 'Льодогенератори', 'Льодогенератори', 'Льодогенератори', 'Lodogeneratory', 6, ''),
(42, 'Льодокришителі', 30, '<svg xmlns=\"http://www.w3.org/2000/svg\" width=\"68\" height=\"85\" viewBox=\"0 0 68 85\">   <path id=\"bar\" d=\"M0,85,29.887,74.444V54.7C14.806,52.919,5.209,42.775,5.209,28.791c0-8.5,7.951-27.145,8.363-27.968L13.846,0h40.17l.411.823c.411.823,8.363,19.468,8.363,27.968,0,13.984-9.6,24.128-24.677,25.911V74.444L68,85ZM7.951,28.791c0,13.024,8.911,21.935,23.443,23.307l1.234.137V76.363L15.9,82.259H51.959l-16.59-5.9V52.235L36.6,52.1c14.533-1.372,23.444-10.283,23.444-23.307,0-6.992-6.169-22.347-7.814-26.048H15.765C14.12,6.445,7.951,21.8,7.951,28.791Zm2.742-1.371V26.048H57.306V27.42c0,13.3-9.185,21.934-23.307,21.934S10.693,40.718,10.693,27.42ZM34,46.613c12.065,0,19.879-6.991,20.565-17.822H13.436C13.983,39.622,21.934,46.613,34,46.613ZM35.37,8.226V5.485h5.485V8.226Zm-15.08,0V5.485H32.628V8.226Z\" transform=\"translate(0 0)\"/> </svg>', '', 'Льодокришителі', 'Льодокришителі', 'Льодокришителі', 'Льодокришителі', 'Lodokryshyteli', 7, ''),
(43, 'Гранітори', 30, '<svg xmlns=\"http://www.w3.org/2000/svg\" width=\"68\" height=\"85\" viewBox=\"0 0 68 85\">   <path id=\"bar\" d=\"M0,85,29.887,74.444V54.7C14.806,52.919,5.209,42.775,5.209,28.791c0-8.5,7.951-27.145,8.363-27.968L13.846,0h40.17l.411.823c.411.823,8.363,19.468,8.363,27.968,0,13.984-9.6,24.128-24.677,25.911V74.444L68,85ZM7.951,28.791c0,13.024,8.911,21.935,23.443,23.307l1.234.137V76.363L15.9,82.259H51.959l-16.59-5.9V52.235L36.6,52.1c14.533-1.372,23.444-10.283,23.444-23.307,0-6.992-6.169-22.347-7.814-26.048H15.765C14.12,6.445,7.951,21.8,7.951,28.791Zm2.742-1.371V26.048H57.306V27.42c0,13.3-9.185,21.934-23.307,21.934S10.693,40.718,10.693,27.42ZM34,46.613c12.065,0,19.879-6.991,20.565-17.822H13.436C13.983,39.622,21.934,46.613,34,46.613ZM35.37,8.226V5.485h5.485V8.226Zm-15.08,0V5.485H32.628V8.226Z\" transform=\"translate(0 0)\"/> </svg>', '', 'Гранітори', 'Гранітори', 'Гранітори', 'Гранітори', 'Granitory', 8, ''),
(44, 'Фризери', 30, '<svg xmlns=\"http://www.w3.org/2000/svg\" width=\"68\" height=\"85\" viewBox=\"0 0 68 85\">   <path id=\"bar\" d=\"M0,85,29.887,74.444V54.7C14.806,52.919,5.209,42.775,5.209,28.791c0-8.5,7.951-27.145,8.363-27.968L13.846,0h40.17l.411.823c.411.823,8.363,19.468,8.363,27.968,0,13.984-9.6,24.128-24.677,25.911V74.444L68,85ZM7.951,28.791c0,13.024,8.911,21.935,23.443,23.307l1.234.137V76.363L15.9,82.259H51.959l-16.59-5.9V52.235L36.6,52.1c14.533-1.372,23.444-10.283,23.444-23.307,0-6.992-6.169-22.347-7.814-26.048H15.765C14.12,6.445,7.951,21.8,7.951,28.791Zm2.742-1.371V26.048H57.306V27.42c0,13.3-9.185,21.934-23.307,21.934S10.693,40.718,10.693,27.42ZM34,46.613c12.065,0,19.879-6.991,20.565-17.822H13.436C13.983,39.622,21.934,46.613,34,46.613ZM35.37,8.226V5.485h5.485V8.226Zm-15.08,0V5.485H32.628V8.226Z\" transform=\"translate(0 0)\"/> </svg>', '', 'Фризери', 'Фризери', 'Фризери', 'Фризери', 'Fryzery', 9, ''),
(45, 'Кавове обладнання', 30, '<svg xmlns=\"http://www.w3.org/2000/svg\" width=\"68\" height=\"85\" viewBox=\"0 0 68 85\">   <path id=\"bar\" d=\"M0,85,29.887,74.444V54.7C14.806,52.919,5.209,42.775,5.209,28.791c0-8.5,7.951-27.145,8.363-27.968L13.846,0h40.17l.411.823c.411.823,8.363,19.468,8.363,27.968,0,13.984-9.6,24.128-24.677,25.911V74.444L68,85ZM7.951,28.791c0,13.024,8.911,21.935,23.443,23.307l1.234.137V76.363L15.9,82.259H51.959l-16.59-5.9V52.235L36.6,52.1c14.533-1.372,23.444-10.283,23.444-23.307,0-6.992-6.169-22.347-7.814-26.048H15.765C14.12,6.445,7.951,21.8,7.951,28.791Zm2.742-1.371V26.048H57.306V27.42c0,13.3-9.185,21.934-23.307,21.934S10.693,40.718,10.693,27.42ZM34,46.613c12.065,0,19.879-6.991,20.565-17.822H13.436C13.983,39.622,21.934,46.613,34,46.613ZM35.37,8.226V5.485h5.485V8.226Zm-15.08,0V5.485H32.628V8.226Z\" transform=\"translate(0 0)\"/> </svg>', '', 'Кавове обладнання', 'Кавове обладнання', 'Кавове обладнання', 'Кавове обладнання', 'Kavove-obladnannya ', 10, ''),
(46, 'Каавові машини автоматичні', 45, '<svg xmlns=\"http://www.w3.org/2000/svg\" width=\"68\" height=\"85\" viewBox=\"0 0 68 85\">\r\n  <path id=\"bar\" d=\"M0,85,29.887,74.444V54.7C14.806,52.919,5.209,42.775,5.209,28.791c0-8.5,7.951-27.145,8.363-27.968L13.846,0h40.17l.411.823c.411.823,8.363,19.468,8.363,27.968,0,13.984-9.6,24.128-24.677,25.911V74.444L68,85ZM7.951,28.791c0,13.024,8.911,21.935,23.443,23.307l1.234.137V76.363L15.9,82.259H51.959l-16.59-5.9V52.235L36.6,52.1c14.533-1.372,23.444-10.283,23.444-23.307,0-6.992-6.169-22.347-7.814-26.048H15.765C14.12,6.445,7.951,21.8,7.951,28.791Zm2.742-1.371V26.048H57.306V27.42c0,13.3-9.185,21.934-23.307,21.934S10.693,40.718,10.693,27.42ZM34,46.613c12.065,0,19.879-6.991,20.565-17.822H13.436C13.983,39.622,21.934,46.613,34,46.613ZM35.37,8.226V5.485h5.485V8.226Zm-15.08,0V5.485H32.628V8.226Z\" transform=\"translate(0 0)\"/>\r\n</svg>\r\n', 'Каавові машини автоматичні', 'Каавові машини автоматичні', 'Каавові машини автоматичні', 'Каавові машини автоматичні', 'Каавові машини автоматичні', 'kavovi mashy-ny-avtomatychni', 1, ''),
(47, 'Кавові машини професійні', 45, '<svg xmlns=\"http://www.w3.org/2000/svg\" width=\"68\" height=\"85\" viewBox=\"0 0 68 85\">\r\n  <path id=\"bar\" d=\"M0,85,29.887,74.444V54.7C14.806,52.919,5.209,42.775,5.209,28.791c0-8.5,7.951-27.145,8.363-27.968L13.846,0h40.17l.411.823c.411.823,8.363,19.468,8.363,27.968,0,13.984-9.6,24.128-24.677,25.911V74.444L68,85ZM7.951,28.791c0,13.024,8.911,21.935,23.443,23.307l1.234.137V76.363L15.9,82.259H51.959l-16.59-5.9V52.235L36.6,52.1c14.533-1.372,23.444-10.283,23.444-23.307,0-6.992-6.169-22.347-7.814-26.048H15.765C14.12,6.445,7.951,21.8,7.951,28.791Zm2.742-1.371V26.048H57.306V27.42c0,13.3-9.185,21.934-23.307,21.934S10.693,40.718,10.693,27.42ZM34,46.613c12.065,0,19.879-6.991,20.565-17.822H13.436C13.983,39.622,21.934,46.613,34,46.613ZM35.37,8.226V5.485h5.485V8.226Zm-15.08,0V5.485H32.628V8.226Z\" transform=\"translate(0 0)\"/>\r\n</svg>\r\n', 'Кавові машини професійні', 'Кавові машини професійні', 'Кавові машини професійні', 'Кавові машини професійні', 'Кавові машини професійні', 'kavovi-mashy-ny-profesijni', 2, ''),
(48, 'Кавомолки', 45, '<svg xmlns=\"http://www.w3.org/2000/svg\" width=\"68\" height=\"85\" viewBox=\"0 0 68 85\">\r\n  <path id=\"bar\" d=\"M0,85,29.887,74.444V54.7C14.806,52.919,5.209,42.775,5.209,28.791c0-8.5,7.951-27.145,8.363-27.968L13.846,0h40.17l.411.823c.411.823,8.363,19.468,8.363,27.968,0,13.984-9.6,24.128-24.677,25.911V74.444L68,85ZM7.951,28.791c0,13.024,8.911,21.935,23.443,23.307l1.234.137V76.363L15.9,82.259H51.959l-16.59-5.9V52.235L36.6,52.1c14.533-1.372,23.444-10.283,23.444-23.307,0-6.992-6.169-22.347-7.814-26.048H15.765C14.12,6.445,7.951,21.8,7.951,28.791Zm2.742-1.371V26.048H57.306V27.42c0,13.3-9.185,21.934-23.307,21.934S10.693,40.718,10.693,27.42ZM34,46.613c12.065,0,19.879-6.991,20.565-17.822H13.436C13.983,39.622,21.934,46.613,34,46.613ZM35.37,8.226V5.485h5.485V8.226Zm-15.08,0V5.485H32.628V8.226Z\" transform=\"translate(0 0)\"/>\r\n</svg>\r\n', 'Кавомолки', 'Кавомолки', 'Кавомолки', 'Кавомолки', 'Кавомолки', 'kavomolky', 3, ''),
(49, 'кавоварки еспрессо', 45, '<svg xmlns=\"http://www.w3.org/2000/svg\" width=\"68\" height=\"85\" viewBox=\"0 0 68 85\">\r\n  <path id=\"bar\" d=\"M0,85,29.887,74.444V54.7C14.806,52.919,5.209,42.775,5.209,28.791c0-8.5,7.951-27.145,8.363-27.968L13.846,0h40.17l.411.823c.411.823,8.363,19.468,8.363,27.968,0,13.984-9.6,24.128-24.677,25.911V74.444L68,85ZM7.951,28.791c0,13.024,8.911,21.935,23.443,23.307l1.234.137V76.363L15.9,82.259H51.959l-16.59-5.9V52.235L36.6,52.1c14.533-1.372,23.444-10.283,23.444-23.307,0-6.992-6.169-22.347-7.814-26.048H15.765C14.12,6.445,7.951,21.8,7.951,28.791Zm2.742-1.371V26.048H57.306V27.42c0,13.3-9.185,21.934-23.307,21.934S10.693,40.718,10.693,27.42ZM34,46.613c12.065,0,19.879-6.991,20.565-17.822H13.436C13.983,39.622,21.934,46.613,34,46.613ZM35.37,8.226V5.485h5.485V8.226Zm-15.08,0V5.485H32.628V8.226Z\" transform=\"translate(0 0)\"/>\r\n</svg>\r\n', 'Кавоварки еспрессо', 'Кавоварки еспрессо', 'Кавоварки еспрессо', 'Кавоварки еспрессо', 'Кавоварки еспрессо', 'kavovarky-espresso', 4, ''),
(50, 'Вітрини настільні нейтральні', 30, '<svg xmlns=\"http://www.w3.org/2000/svg\" width=\"68\" height=\"85\" viewBox=\"0 0 68 85\">\r\n  <path id=\"bar\" d=\"M0,85,29.887,74.444V54.7C14.806,52.919,5.209,42.775,5.209,28.791c0-8.5,7.951-27.145,8.363-27.968L13.846,0h40.17l.411.823c.411.823,8.363,19.468,8.363,27.968,0,13.984-9.6,24.128-24.677,25.911V74.444L68,85ZM7.951,28.791c0,13.024,8.911,21.935,23.443,23.307l1.234.137V76.363L15.9,82.259H51.959l-16.59-5.9V52.235L36.6,52.1c14.533-1.372,23.444-10.283,23.444-23.307,0-6.992-6.169-22.347-7.814-26.048H15.765C14.12,6.445,7.951,21.8,7.951,28.791Zm2.742-1.371V26.048H57.306V27.42c0,13.3-9.185,21.934-23.307,21.934S10.693,40.718,10.693,27.42ZM34,46.613c12.065,0,19.879-6.991,20.565-17.822H13.436C13.983,39.622,21.934,46.613,34,46.613ZM35.37,8.226V5.485h5.485V8.226Zm-15.08,0V5.485H32.628V8.226Z\" transform=\"translate(0 0)\"/>\r\n</svg>\r\n', 'Вітрини настільні нейтральні', 'Вітрини настільні нейтральні', 'Вітрини настільні нейтральні', 'Вітрини настільні нейтральні', 'Вітрини настільні нейтральні', 'Vitryny-nastilni-nejtralni', 11, ''),
(51, 'Фаст-фуд обладнання', 0, '<svg xmlns=\"http://www.w3.org/2000/svg\" width=\"63.75\" height=\"85\" viewBox=\"0 0 63.75 85\">\r\n  <g id=\"grill\" transform=\"translate(-721 243)\">\r\n    <path id=\"grill-2\" data-name=\"grill\" d=\"M211.562-1192.083a7.093,7.093,0,0,1,4.018-6.385l-.029-.7h-16.24l-1.935,12.664a1.771,1.771,0,0,1-1.75,1.5,1.7,1.7,0,0,1-.269-.021,1.773,1.773,0,0,1-1.484-2.019l3.348-21.9A23.042,23.042,0,0,1,185-1229.271a1.77,1.77,0,0,1,1.771-1.771H227.5v-37.187A1.771,1.771,0,0,1,229.27-1270a1.77,1.77,0,0,1,1.771,1.771v1.85a19.508,19.508,0,0,1,17.71,19.4,19.509,19.509,0,0,1-17.772,19.406,23.061,23.061,0,0,1-12.286,18.7l.405,9.724a7.092,7.092,0,0,1,6.631,7.07,7.089,7.089,0,0,1-7.083,7.083A7.091,7.091,0,0,1,211.562-1192.083Zm3.541,0a3.546,3.546,0,0,0,3.543,3.542,3.546,3.546,0,0,0,3.541-3.542,3.545,3.545,0,0,0-3.541-3.541,3.541,3.541,0,0,0-.811.094l-.025.006A3.546,3.546,0,0,0,215.1-1192.083Zm.3-10.625-.2-4.69a22.924,22.924,0,0,1-7.186,1.149,22.919,22.919,0,0,1-7.439-1.234l-.73,4.775Zm-7.382-7.083a19.5,19.5,0,0,0,19.4-17.708h-38.8A19.5,19.5,0,0,0,208.021-1209.791Zm23.02-21.348a15.958,15.958,0,0,0,14.167-15.839,15.959,15.959,0,0,0-14.167-15.839Zm-26.562,10.723a1.77,1.77,0,0,1-1.771-1.771,1.77,1.77,0,0,1,1.771-1.771h7.083a1.77,1.77,0,0,1,1.771,1.771,1.77,1.77,0,0,1-1.771,1.771Zm-14.167-14.167a1.771,1.771,0,0,1-1.771-1.771,1.771,1.771,0,0,1,1.771-1.771h31.875a1.771,1.771,0,0,1,1.771,1.771,1.771,1.771,0,0,1-1.771,1.771Z\" transform=\"translate(536 1027)\"/>\r\n  </g>\r\n</svg>\r\n', 'Фаст-фуд обладнання', 'Фаст-фуд обладнання', 'Фаст-фуд обладнання', 'Фаст-фуд обладнання', 'Фаст-фуд обладнання', 'Fast-fud-obladnannya', 2, ''),
(52, 'Грилі для курей', 51, '<svg xmlns=\"http://www.w3.org/2000/svg\" width=\"63.75\" height=\"85\" viewBox=\"0 0 63.75 85\">\r\n  <g id=\"grill\" transform=\"translate(-721 243)\">\r\n    <path id=\"grill-2\" data-name=\"grill\" d=\"M211.562-1192.083a7.093,7.093,0,0,1,4.018-6.385l-.029-.7h-16.24l-1.935,12.664a1.771,1.771,0,0,1-1.75,1.5,1.7,1.7,0,0,1-.269-.021,1.773,1.773,0,0,1-1.484-2.019l3.348-21.9A23.042,23.042,0,0,1,185-1229.271a1.77,1.77,0,0,1,1.771-1.771H227.5v-37.187A1.771,1.771,0,0,1,229.27-1270a1.77,1.77,0,0,1,1.771,1.771v1.85a19.508,19.508,0,0,1,17.71,19.4,19.509,19.509,0,0,1-17.772,19.406,23.061,23.061,0,0,1-12.286,18.7l.405,9.724a7.092,7.092,0,0,1,6.631,7.07,7.089,7.089,0,0,1-7.083,7.083A7.091,7.091,0,0,1,211.562-1192.083Zm3.541,0a3.546,3.546,0,0,0,3.543,3.542,3.546,3.546,0,0,0,3.541-3.542,3.545,3.545,0,0,0-3.541-3.541,3.541,3.541,0,0,0-.811.094l-.025.006A3.546,3.546,0,0,0,215.1-1192.083Zm.3-10.625-.2-4.69a22.924,22.924,0,0,1-7.186,1.149,22.919,22.919,0,0,1-7.439-1.234l-.73,4.775Zm-7.382-7.083a19.5,19.5,0,0,0,19.4-17.708h-38.8A19.5,19.5,0,0,0,208.021-1209.791Zm23.02-21.348a15.958,15.958,0,0,0,14.167-15.839,15.959,15.959,0,0,0-14.167-15.839Zm-26.562,10.723a1.77,1.77,0,0,1-1.771-1.771,1.77,1.77,0,0,1,1.771-1.771h7.083a1.77,1.77,0,0,1,1.771,1.771,1.77,1.77,0,0,1-1.771,1.771Zm-14.167-14.167a1.771,1.771,0,0,1-1.771-1.771,1.771,1.771,0,0,1,1.771-1.771h31.875a1.771,1.771,0,0,1,1.771,1.771,1.771,1.771,0,0,1-1.771,1.771Z\" transform=\"translate(536 1027)\"/>\r\n  </g>\r\n</svg>\r\n', 'Грилі для курей', 'Грилі для курей', 'Грилі для курей', 'Грилі для курей', 'Грилі для курей', 'Gryli-dlya-kurej', 1, ''),
(53, 'Грилі роликові', 51, '<svg xmlns=\"http://www.w3.org/2000/svg\" width=\"63.75\" height=\"85\" viewBox=\"0 0 63.75 85\">\r\n  <g id=\"grill\" transform=\"translate(-721 243)\">\r\n    <path id=\"grill-2\" data-name=\"grill\" d=\"M211.562-1192.083a7.093,7.093,0,0,1,4.018-6.385l-.029-.7h-16.24l-1.935,12.664a1.771,1.771,0,0,1-1.75,1.5,1.7,1.7,0,0,1-.269-.021,1.773,1.773,0,0,1-1.484-2.019l3.348-21.9A23.042,23.042,0,0,1,185-1229.271a1.77,1.77,0,0,1,1.771-1.771H227.5v-37.187A1.771,1.771,0,0,1,229.27-1270a1.77,1.77,0,0,1,1.771,1.771v1.85a19.508,19.508,0,0,1,17.71,19.4,19.509,19.509,0,0,1-17.772,19.406,23.061,23.061,0,0,1-12.286,18.7l.405,9.724a7.092,7.092,0,0,1,6.631,7.07,7.089,7.089,0,0,1-7.083,7.083A7.091,7.091,0,0,1,211.562-1192.083Zm3.541,0a3.546,3.546,0,0,0,3.543,3.542,3.546,3.546,0,0,0,3.541-3.542,3.545,3.545,0,0,0-3.541-3.541,3.541,3.541,0,0,0-.811.094l-.025.006A3.546,3.546,0,0,0,215.1-1192.083Zm.3-10.625-.2-4.69a22.924,22.924,0,0,1-7.186,1.149,22.919,22.919,0,0,1-7.439-1.234l-.73,4.775Zm-7.382-7.083a19.5,19.5,0,0,0,19.4-17.708h-38.8A19.5,19.5,0,0,0,208.021-1209.791Zm23.02-21.348a15.958,15.958,0,0,0,14.167-15.839,15.959,15.959,0,0,0-14.167-15.839Zm-26.562,10.723a1.77,1.77,0,0,1-1.771-1.771,1.77,1.77,0,0,1,1.771-1.771h7.083a1.77,1.77,0,0,1,1.771,1.771,1.77,1.77,0,0,1-1.771,1.771Zm-14.167-14.167a1.771,1.771,0,0,1-1.771-1.771,1.771,1.771,0,0,1,1.771-1.771h31.875a1.771,1.771,0,0,1,1.771,1.771,1.771,1.771,0,0,1-1.771,1.771Z\" transform=\"translate(536 1027)\"/>\r\n  </g>\r\n</svg>\r\n', 'Грилі роликові', 'Грилі роликові', 'Грилі роликові', 'Грилі роликові', 'Грилі роликові', 'Gryli-rolykovi', 2, ''),
(54, 'Грилі контактні', 51, '<svg xmlns=\"http://www.w3.org/2000/svg\" width=\"63.75\" height=\"85\" viewBox=\"0 0 63.75 85\">\r\n  <g id=\"grill\" transform=\"translate(-721 243)\">\r\n    <path id=\"grill-2\" data-name=\"grill\" d=\"M211.562-1192.083a7.093,7.093,0,0,1,4.018-6.385l-.029-.7h-16.24l-1.935,12.664a1.771,1.771,0,0,1-1.75,1.5,1.7,1.7,0,0,1-.269-.021,1.773,1.773,0,0,1-1.484-2.019l3.348-21.9A23.042,23.042,0,0,1,185-1229.271a1.77,1.77,0,0,1,1.771-1.771H227.5v-37.187A1.771,1.771,0,0,1,229.27-1270a1.77,1.77,0,0,1,1.771,1.771v1.85a19.508,19.508,0,0,1,17.71,19.4,19.509,19.509,0,0,1-17.772,19.406,23.061,23.061,0,0,1-12.286,18.7l.405,9.724a7.092,7.092,0,0,1,6.631,7.07,7.089,7.089,0,0,1-7.083,7.083A7.091,7.091,0,0,1,211.562-1192.083Zm3.541,0a3.546,3.546,0,0,0,3.543,3.542,3.546,3.546,0,0,0,3.541-3.542,3.545,3.545,0,0,0-3.541-3.541,3.541,3.541,0,0,0-.811.094l-.025.006A3.546,3.546,0,0,0,215.1-1192.083Zm.3-10.625-.2-4.69a22.924,22.924,0,0,1-7.186,1.149,22.919,22.919,0,0,1-7.439-1.234l-.73,4.775Zm-7.382-7.083a19.5,19.5,0,0,0,19.4-17.708h-38.8A19.5,19.5,0,0,0,208.021-1209.791Zm23.02-21.348a15.958,15.958,0,0,0,14.167-15.839,15.959,15.959,0,0,0-14.167-15.839Zm-26.562,10.723a1.77,1.77,0,0,1-1.771-1.771,1.77,1.77,0,0,1,1.771-1.771h7.083a1.77,1.77,0,0,1,1.771,1.771,1.77,1.77,0,0,1-1.771,1.771Zm-14.167-14.167a1.771,1.771,0,0,1-1.771-1.771,1.771,1.771,0,0,1,1.771-1.771h31.875a1.771,1.771,0,0,1,1.771,1.771,1.771,1.771,0,0,1-1.771,1.771Z\" transform=\"translate(536 1027)\"/>\r\n  </g>\r\n</svg>\r\n', 'Грилі контактні', 'Грилі контактні', 'Грилі контактні', 'Грилі контактні', 'Грилі контактні', 'Gryli-kontaktni', 3, ''),
(55, 'Апарати для шаурми', 51, '<svg xmlns=\"http://www.w3.org/2000/svg\" width=\"63.75\" height=\"85\" viewBox=\"0 0 63.75 85\">\r\n  <g id=\"grill\" transform=\"translate(-721 243)\">\r\n    <path id=\"grill-2\" data-name=\"grill\" d=\"M211.562-1192.083a7.093,7.093,0,0,1,4.018-6.385l-.029-.7h-16.24l-1.935,12.664a1.771,1.771,0,0,1-1.75,1.5,1.7,1.7,0,0,1-.269-.021,1.773,1.773,0,0,1-1.484-2.019l3.348-21.9A23.042,23.042,0,0,1,185-1229.271a1.77,1.77,0,0,1,1.771-1.771H227.5v-37.187A1.771,1.771,0,0,1,229.27-1270a1.77,1.77,0,0,1,1.771,1.771v1.85a19.508,19.508,0,0,1,17.71,19.4,19.509,19.509,0,0,1-17.772,19.406,23.061,23.061,0,0,1-12.286,18.7l.405,9.724a7.092,7.092,0,0,1,6.631,7.07,7.089,7.089,0,0,1-7.083,7.083A7.091,7.091,0,0,1,211.562-1192.083Zm3.541,0a3.546,3.546,0,0,0,3.543,3.542,3.546,3.546,0,0,0,3.541-3.542,3.545,3.545,0,0,0-3.541-3.541,3.541,3.541,0,0,0-.811.094l-.025.006A3.546,3.546,0,0,0,215.1-1192.083Zm.3-10.625-.2-4.69a22.924,22.924,0,0,1-7.186,1.149,22.919,22.919,0,0,1-7.439-1.234l-.73,4.775Zm-7.382-7.083a19.5,19.5,0,0,0,19.4-17.708h-38.8A19.5,19.5,0,0,0,208.021-1209.791Zm23.02-21.348a15.958,15.958,0,0,0,14.167-15.839,15.959,15.959,0,0,0-14.167-15.839Zm-26.562,10.723a1.77,1.77,0,0,1-1.771-1.771,1.77,1.77,0,0,1,1.771-1.771h7.083a1.77,1.77,0,0,1,1.771,1.771,1.77,1.77,0,0,1-1.771,1.771Zm-14.167-14.167a1.771,1.771,0,0,1-1.771-1.771,1.771,1.771,0,0,1,1.771-1.771h31.875a1.771,1.771,0,0,1,1.771,1.771,1.771,1.771,0,0,1-1.771,1.771Z\" transform=\"translate(536 1027)\"/>\r\n  </g>\r\n</svg>\r\n', 'Апарати для шаурми', 'Апарати для шаурми', 'Апарати для шаурми', 'Апарати для шаурми', 'Апарати для шаурми', 'Aparaty-dlya-shaurmy', 4, ''),
(56, 'Жарочні поверхні', 51, '<svg xmlns=\"http://www.w3.org/2000/svg\" width=\"63.75\" height=\"85\" viewBox=\"0 0 63.75 85\">\r\n  <g id=\"grill\" transform=\"translate(-721 243)\">\r\n    <path id=\"grill-2\" data-name=\"grill\" d=\"M211.562-1192.083a7.093,7.093,0,0,1,4.018-6.385l-.029-.7h-16.24l-1.935,12.664a1.771,1.771,0,0,1-1.75,1.5,1.7,1.7,0,0,1-.269-.021,1.773,1.773,0,0,1-1.484-2.019l3.348-21.9A23.042,23.042,0,0,1,185-1229.271a1.77,1.77,0,0,1,1.771-1.771H227.5v-37.187A1.771,1.771,0,0,1,229.27-1270a1.77,1.77,0,0,1,1.771,1.771v1.85a19.508,19.508,0,0,1,17.71,19.4,19.509,19.509,0,0,1-17.772,19.406,23.061,23.061,0,0,1-12.286,18.7l.405,9.724a7.092,7.092,0,0,1,6.631,7.07,7.089,7.089,0,0,1-7.083,7.083A7.091,7.091,0,0,1,211.562-1192.083Zm3.541,0a3.546,3.546,0,0,0,3.543,3.542,3.546,3.546,0,0,0,3.541-3.542,3.545,3.545,0,0,0-3.541-3.541,3.541,3.541,0,0,0-.811.094l-.025.006A3.546,3.546,0,0,0,215.1-1192.083Zm.3-10.625-.2-4.69a22.924,22.924,0,0,1-7.186,1.149,22.919,22.919,0,0,1-7.439-1.234l-.73,4.775Zm-7.382-7.083a19.5,19.5,0,0,0,19.4-17.708h-38.8A19.5,19.5,0,0,0,208.021-1209.791Zm23.02-21.348a15.958,15.958,0,0,0,14.167-15.839,15.959,15.959,0,0,0-14.167-15.839Zm-26.562,10.723a1.77,1.77,0,0,1-1.771-1.771,1.77,1.77,0,0,1,1.771-1.771h7.083a1.77,1.77,0,0,1,1.771,1.771,1.77,1.77,0,0,1-1.771,1.771Zm-14.167-14.167a1.771,1.771,0,0,1-1.771-1.771,1.771,1.771,0,0,1,1.771-1.771h31.875a1.771,1.771,0,0,1,1.771,1.771,1.771,1.771,0,0,1-1.771,1.771Z\" transform=\"translate(536 1027)\"/>\r\n  </g>\r\n</svg>\r\n', 'Жарочні поверхні', 'Жарочні поверхні', 'Жарочні поверхні', 'Жарочні поверхні', 'Жарочні поверхні', 'zharochni-poverxni', 5, ''),
(57, 'Фритюрниці', 51, '<svg xmlns=\"http://www.w3.org/2000/svg\" width=\"63.75\" height=\"85\" viewBox=\"0 0 63.75 85\">\r\n  <g id=\"grill\" transform=\"translate(-721 243)\">\r\n    <path id=\"grill-2\" data-name=\"grill\" d=\"M211.562-1192.083a7.093,7.093,0,0,1,4.018-6.385l-.029-.7h-16.24l-1.935,12.664a1.771,1.771,0,0,1-1.75,1.5,1.7,1.7,0,0,1-.269-.021,1.773,1.773,0,0,1-1.484-2.019l3.348-21.9A23.042,23.042,0,0,1,185-1229.271a1.77,1.77,0,0,1,1.771-1.771H227.5v-37.187A1.771,1.771,0,0,1,229.27-1270a1.77,1.77,0,0,1,1.771,1.771v1.85a19.508,19.508,0,0,1,17.71,19.4,19.509,19.509,0,0,1-17.772,19.406,23.061,23.061,0,0,1-12.286,18.7l.405,9.724a7.092,7.092,0,0,1,6.631,7.07,7.089,7.089,0,0,1-7.083,7.083A7.091,7.091,0,0,1,211.562-1192.083Zm3.541,0a3.546,3.546,0,0,0,3.543,3.542,3.546,3.546,0,0,0,3.541-3.542,3.545,3.545,0,0,0-3.541-3.541,3.541,3.541,0,0,0-.811.094l-.025.006A3.546,3.546,0,0,0,215.1-1192.083Zm.3-10.625-.2-4.69a22.924,22.924,0,0,1-7.186,1.149,22.919,22.919,0,0,1-7.439-1.234l-.73,4.775Zm-7.382-7.083a19.5,19.5,0,0,0,19.4-17.708h-38.8A19.5,19.5,0,0,0,208.021-1209.791Zm23.02-21.348a15.958,15.958,0,0,0,14.167-15.839,15.959,15.959,0,0,0-14.167-15.839Zm-26.562,10.723a1.77,1.77,0,0,1-1.771-1.771,1.77,1.77,0,0,1,1.771-1.771h7.083a1.77,1.77,0,0,1,1.771,1.771,1.77,1.77,0,0,1-1.771,1.771Zm-14.167-14.167a1.771,1.771,0,0,1-1.771-1.771,1.771,1.771,0,0,1,1.771-1.771h31.875a1.771,1.771,0,0,1,1.771,1.771,1.771,1.771,0,0,1-1.771,1.771Z\" transform=\"translate(536 1027)\"/>\r\n  </g>\r\n</svg>\r\n', 'Фритюрниці', 'Фритюрниці', 'Фритюрниці', 'Фритюрниці', 'Фритюрниці', 'Frytyurnyci', 6, ''),
(58, 'Шашличниці', 51, '<svg xmlns=\"http://www.w3.org/2000/svg\" width=\"63.75\" height=\"85\" viewBox=\"0 0 63.75 85\">\r\n  <g id=\"grill\" transform=\"translate(-721 243)\">\r\n    <path id=\"grill-2\" data-name=\"grill\" d=\"M211.562-1192.083a7.093,7.093,0,0,1,4.018-6.385l-.029-.7h-16.24l-1.935,12.664a1.771,1.771,0,0,1-1.75,1.5,1.7,1.7,0,0,1-.269-.021,1.773,1.773,0,0,1-1.484-2.019l3.348-21.9A23.042,23.042,0,0,1,185-1229.271a1.77,1.77,0,0,1,1.771-1.771H227.5v-37.187A1.771,1.771,0,0,1,229.27-1270a1.77,1.77,0,0,1,1.771,1.771v1.85a19.508,19.508,0,0,1,17.71,19.4,19.509,19.509,0,0,1-17.772,19.406,23.061,23.061,0,0,1-12.286,18.7l.405,9.724a7.092,7.092,0,0,1,6.631,7.07,7.089,7.089,0,0,1-7.083,7.083A7.091,7.091,0,0,1,211.562-1192.083Zm3.541,0a3.546,3.546,0,0,0,3.543,3.542,3.546,3.546,0,0,0,3.541-3.542,3.545,3.545,0,0,0-3.541-3.541,3.541,3.541,0,0,0-.811.094l-.025.006A3.546,3.546,0,0,0,215.1-1192.083Zm.3-10.625-.2-4.69a22.924,22.924,0,0,1-7.186,1.149,22.919,22.919,0,0,1-7.439-1.234l-.73,4.775Zm-7.382-7.083a19.5,19.5,0,0,0,19.4-17.708h-38.8A19.5,19.5,0,0,0,208.021-1209.791Zm23.02-21.348a15.958,15.958,0,0,0,14.167-15.839,15.959,15.959,0,0,0-14.167-15.839Zm-26.562,10.723a1.77,1.77,0,0,1-1.771-1.771,1.77,1.77,0,0,1,1.771-1.771h7.083a1.77,1.77,0,0,1,1.771,1.771,1.77,1.77,0,0,1-1.771,1.771Zm-14.167-14.167a1.771,1.771,0,0,1-1.771-1.771,1.771,1.771,0,0,1,1.771-1.771h31.875a1.771,1.771,0,0,1,1.771,1.771,1.771,1.771,0,0,1-1.771,1.771Z\" transform=\"translate(536 1027)\"/>\r\n  </g>\r\n</svg>\r\n', 'Шашличниці', 'Шашличниці', 'Шашличниці', 'Шашличниці', 'Шашличниці', 'Shashlychnyci', 7, ''),
(59, 'Чебуречниці', 51, '<svg xmlns=\"http://www.w3.org/2000/svg\" width=\"63.75\" height=\"85\" viewBox=\"0 0 63.75 85\">\r\n  <g id=\"grill\" transform=\"translate(-721 243)\">\r\n    <path id=\"grill-2\" data-name=\"grill\" d=\"M211.562-1192.083a7.093,7.093,0,0,1,4.018-6.385l-.029-.7h-16.24l-1.935,12.664a1.771,1.771,0,0,1-1.75,1.5,1.7,1.7,0,0,1-.269-.021,1.773,1.773,0,0,1-1.484-2.019l3.348-21.9A23.042,23.042,0,0,1,185-1229.271a1.77,1.77,0,0,1,1.771-1.771H227.5v-37.187A1.771,1.771,0,0,1,229.27-1270a1.77,1.77,0,0,1,1.771,1.771v1.85a19.508,19.508,0,0,1,17.71,19.4,19.509,19.509,0,0,1-17.772,19.406,23.061,23.061,0,0,1-12.286,18.7l.405,9.724a7.092,7.092,0,0,1,6.631,7.07,7.089,7.089,0,0,1-7.083,7.083A7.091,7.091,0,0,1,211.562-1192.083Zm3.541,0a3.546,3.546,0,0,0,3.543,3.542,3.546,3.546,0,0,0,3.541-3.542,3.545,3.545,0,0,0-3.541-3.541,3.541,3.541,0,0,0-.811.094l-.025.006A3.546,3.546,0,0,0,215.1-1192.083Zm.3-10.625-.2-4.69a22.924,22.924,0,0,1-7.186,1.149,22.919,22.919,0,0,1-7.439-1.234l-.73,4.775Zm-7.382-7.083a19.5,19.5,0,0,0,19.4-17.708h-38.8A19.5,19.5,0,0,0,208.021-1209.791Zm23.02-21.348a15.958,15.958,0,0,0,14.167-15.839,15.959,15.959,0,0,0-14.167-15.839Zm-26.562,10.723a1.77,1.77,0,0,1-1.771-1.771,1.77,1.77,0,0,1,1.771-1.771h7.083a1.77,1.77,0,0,1,1.771,1.771,1.77,1.77,0,0,1-1.771,1.771Zm-14.167-14.167a1.771,1.771,0,0,1-1.771-1.771,1.771,1.771,0,0,1,1.771-1.771h31.875a1.771,1.771,0,0,1,1.771,1.771,1.771,1.771,0,0,1-1.771,1.771Z\" transform=\"translate(536 1027)\"/>\r\n  </g>\r\n</svg>\r\n', 'Чебуречниці', 'Чебуречниці', 'Чебуречниці', 'Чебуречниці', 'Чебуречниці', 'Cheburechnyci', 8, ''),
(60, 'Пончикові апарати', 51, '<svg xmlns=\"http://www.w3.org/2000/svg\" width=\"63.75\" height=\"85\" viewBox=\"0 0 63.75 85\">\r\n  <g id=\"grill\" transform=\"translate(-721 243)\">\r\n    <path id=\"grill-2\" data-name=\"grill\" d=\"M211.562-1192.083a7.093,7.093,0,0,1,4.018-6.385l-.029-.7h-16.24l-1.935,12.664a1.771,1.771,0,0,1-1.75,1.5,1.7,1.7,0,0,1-.269-.021,1.773,1.773,0,0,1-1.484-2.019l3.348-21.9A23.042,23.042,0,0,1,185-1229.271a1.77,1.77,0,0,1,1.771-1.771H227.5v-37.187A1.771,1.771,0,0,1,229.27-1270a1.77,1.77,0,0,1,1.771,1.771v1.85a19.508,19.508,0,0,1,17.71,19.4,19.509,19.509,0,0,1-17.772,19.406,23.061,23.061,0,0,1-12.286,18.7l.405,9.724a7.092,7.092,0,0,1,6.631,7.07,7.089,7.089,0,0,1-7.083,7.083A7.091,7.091,0,0,1,211.562-1192.083Zm3.541,0a3.546,3.546,0,0,0,3.543,3.542,3.546,3.546,0,0,0,3.541-3.542,3.545,3.545,0,0,0-3.541-3.541,3.541,3.541,0,0,0-.811.094l-.025.006A3.546,3.546,0,0,0,215.1-1192.083Zm.3-10.625-.2-4.69a22.924,22.924,0,0,1-7.186,1.149,22.919,22.919,0,0,1-7.439-1.234l-.73,4.775Zm-7.382-7.083a19.5,19.5,0,0,0,19.4-17.708h-38.8A19.5,19.5,0,0,0,208.021-1209.791Zm23.02-21.348a15.958,15.958,0,0,0,14.167-15.839,15.959,15.959,0,0,0-14.167-15.839Zm-26.562,10.723a1.77,1.77,0,0,1-1.771-1.771,1.77,1.77,0,0,1,1.771-1.771h7.083a1.77,1.77,0,0,1,1.771,1.771,1.77,1.77,0,0,1-1.771,1.771Zm-14.167-14.167a1.771,1.771,0,0,1-1.771-1.771,1.771,1.771,0,0,1,1.771-1.771h31.875a1.771,1.771,0,0,1,1.771,1.771,1.771,1.771,0,0,1-1.771,1.771Z\" transform=\"translate(536 1027)\"/>\r\n  </g>\r\n</svg>\r\n', 'Пончикові апарати', 'Пончикові апарати', 'Пончикові апарати', 'Пончикові апарати', 'Пончикові апарати', 'Ponchykovi-aparaty', 9, ''),
(61, 'Вафельниці', 51, '<svg xmlns=\"http://www.w3.org/2000/svg\" width=\"63.75\" height=\"85\" viewBox=\"0 0 63.75 85\">\r\n  <g id=\"grill\" transform=\"translate(-721 243)\">\r\n    <path id=\"grill-2\" data-name=\"grill\" d=\"M211.562-1192.083a7.093,7.093,0,0,1,4.018-6.385l-.029-.7h-16.24l-1.935,12.664a1.771,1.771,0,0,1-1.75,1.5,1.7,1.7,0,0,1-.269-.021,1.773,1.773,0,0,1-1.484-2.019l3.348-21.9A23.042,23.042,0,0,1,185-1229.271a1.77,1.77,0,0,1,1.771-1.771H227.5v-37.187A1.771,1.771,0,0,1,229.27-1270a1.77,1.77,0,0,1,1.771,1.771v1.85a19.508,19.508,0,0,1,17.71,19.4,19.509,19.509,0,0,1-17.772,19.406,23.061,23.061,0,0,1-12.286,18.7l.405,9.724a7.092,7.092,0,0,1,6.631,7.07,7.089,7.089,0,0,1-7.083,7.083A7.091,7.091,0,0,1,211.562-1192.083Zm3.541,0a3.546,3.546,0,0,0,3.543,3.542,3.546,3.546,0,0,0,3.541-3.542,3.545,3.545,0,0,0-3.541-3.541,3.541,3.541,0,0,0-.811.094l-.025.006A3.546,3.546,0,0,0,215.1-1192.083Zm.3-10.625-.2-4.69a22.924,22.924,0,0,1-7.186,1.149,22.919,22.919,0,0,1-7.439-1.234l-.73,4.775Zm-7.382-7.083a19.5,19.5,0,0,0,19.4-17.708h-38.8A19.5,19.5,0,0,0,208.021-1209.791Zm23.02-21.348a15.958,15.958,0,0,0,14.167-15.839,15.959,15.959,0,0,0-14.167-15.839Zm-26.562,10.723a1.77,1.77,0,0,1-1.771-1.771,1.77,1.77,0,0,1,1.771-1.771h7.083a1.77,1.77,0,0,1,1.771,1.771,1.77,1.77,0,0,1-1.771,1.771Zm-14.167-14.167a1.771,1.771,0,0,1-1.771-1.771,1.771,1.771,0,0,1,1.771-1.771h31.875a1.771,1.771,0,0,1,1.771,1.771,1.771,1.771,0,0,1-1.771,1.771Z\" transform=\"translate(536 1027)\"/>\r\n  </g>\r\n</svg>\r\n', 'Вафельниці', 'Вафельниці', 'Вафельниці', 'Вафельниці', 'Вафельниці', 'Vafelnyci', 10, ''),
(62, 'Млинниці', 51, '<svg xmlns=\"http://www.w3.org/2000/svg\" width=\"63.75\" height=\"85\" viewBox=\"0 0 63.75 85\">\r\n  <g id=\"grill\" transform=\"translate(-721 243)\">\r\n    <path id=\"grill-2\" data-name=\"grill\" d=\"M211.562-1192.083a7.093,7.093,0,0,1,4.018-6.385l-.029-.7h-16.24l-1.935,12.664a1.771,1.771,0,0,1-1.75,1.5,1.7,1.7,0,0,1-.269-.021,1.773,1.773,0,0,1-1.484-2.019l3.348-21.9A23.042,23.042,0,0,1,185-1229.271a1.77,1.77,0,0,1,1.771-1.771H227.5v-37.187A1.771,1.771,0,0,1,229.27-1270a1.77,1.77,0,0,1,1.771,1.771v1.85a19.508,19.508,0,0,1,17.71,19.4,19.509,19.509,0,0,1-17.772,19.406,23.061,23.061,0,0,1-12.286,18.7l.405,9.724a7.092,7.092,0,0,1,6.631,7.07,7.089,7.089,0,0,1-7.083,7.083A7.091,7.091,0,0,1,211.562-1192.083Zm3.541,0a3.546,3.546,0,0,0,3.543,3.542,3.546,3.546,0,0,0,3.541-3.542,3.545,3.545,0,0,0-3.541-3.541,3.541,3.541,0,0,0-.811.094l-.025.006A3.546,3.546,0,0,0,215.1-1192.083Zm.3-10.625-.2-4.69a22.924,22.924,0,0,1-7.186,1.149,22.919,22.919,0,0,1-7.439-1.234l-.73,4.775Zm-7.382-7.083a19.5,19.5,0,0,0,19.4-17.708h-38.8A19.5,19.5,0,0,0,208.021-1209.791Zm23.02-21.348a15.958,15.958,0,0,0,14.167-15.839,15.959,15.959,0,0,0-14.167-15.839Zm-26.562,10.723a1.77,1.77,0,0,1-1.771-1.771,1.77,1.77,0,0,1,1.771-1.771h7.083a1.77,1.77,0,0,1,1.771,1.771,1.77,1.77,0,0,1-1.771,1.771Zm-14.167-14.167a1.771,1.771,0,0,1-1.771-1.771,1.771,1.771,0,0,1,1.771-1.771h31.875a1.771,1.771,0,0,1,1.771,1.771,1.771,1.771,0,0,1-1.771,1.771Z\" transform=\"translate(536 1027)\"/>\r\n  </g>\r\n</svg>\r\n', 'Млинниці', 'Млинниці', 'Млинниці', 'Млинниці', 'Млинниці', 'Mlynnyci', 11, ''),
(63, 'Апарати для поп-корну', 51, '<svg xmlns=\"http://www.w3.org/2000/svg\" width=\"63.75\" height=\"85\" viewBox=\"0 0 63.75 85\">\r\n  <g id=\"grill\" transform=\"translate(-721 243)\">\r\n    <path id=\"grill-2\" data-name=\"grill\" d=\"M211.562-1192.083a7.093,7.093,0,0,1,4.018-6.385l-.029-.7h-16.24l-1.935,12.664a1.771,1.771,0,0,1-1.75,1.5,1.7,1.7,0,0,1-.269-.021,1.773,1.773,0,0,1-1.484-2.019l3.348-21.9A23.042,23.042,0,0,1,185-1229.271a1.77,1.77,0,0,1,1.771-1.771H227.5v-37.187A1.771,1.771,0,0,1,229.27-1270a1.77,1.77,0,0,1,1.771,1.771v1.85a19.508,19.508,0,0,1,17.71,19.4,19.509,19.509,0,0,1-17.772,19.406,23.061,23.061,0,0,1-12.286,18.7l.405,9.724a7.092,7.092,0,0,1,6.631,7.07,7.089,7.089,0,0,1-7.083,7.083A7.091,7.091,0,0,1,211.562-1192.083Zm3.541,0a3.546,3.546,0,0,0,3.543,3.542,3.546,3.546,0,0,0,3.541-3.542,3.545,3.545,0,0,0-3.541-3.541,3.541,3.541,0,0,0-.811.094l-.025.006A3.546,3.546,0,0,0,215.1-1192.083Zm.3-10.625-.2-4.69a22.924,22.924,0,0,1-7.186,1.149,22.919,22.919,0,0,1-7.439-1.234l-.73,4.775Zm-7.382-7.083a19.5,19.5,0,0,0,19.4-17.708h-38.8A19.5,19.5,0,0,0,208.021-1209.791Zm23.02-21.348a15.958,15.958,0,0,0,14.167-15.839,15.959,15.959,0,0,0-14.167-15.839Zm-26.562,10.723a1.77,1.77,0,0,1-1.771-1.771,1.77,1.77,0,0,1,1.771-1.771h7.083a1.77,1.77,0,0,1,1.771,1.771,1.77,1.77,0,0,1-1.771,1.771Zm-14.167-14.167a1.771,1.771,0,0,1-1.771-1.771,1.771,1.771,0,0,1,1.771-1.771h31.875a1.771,1.771,0,0,1,1.771,1.771,1.771,1.771,0,0,1-1.771,1.771Z\" transform=\"translate(536 1027)\"/>\r\n  </g>\r\n</svg>\r\n', 'Апарати для поп-корну', 'Апарати для поп-корну', 'Апарати для поп-корну', 'Апарати для поп-корну', 'Апарати для поп-корну', 'Aparaty-dlya-pop-kornu', 12, ''),
(64, 'Апарати для солодкої вати', 51, '<svg xmlns=\"http://www.w3.org/2000/svg\" width=\"63.75\" height=\"85\" viewBox=\"0 0 63.75 85\">\r\n  <g id=\"grill\" transform=\"translate(-721 243)\">\r\n    <path id=\"grill-2\" data-name=\"grill\" d=\"M211.562-1192.083a7.093,7.093,0,0,1,4.018-6.385l-.029-.7h-16.24l-1.935,12.664a1.771,1.771,0,0,1-1.75,1.5,1.7,1.7,0,0,1-.269-.021,1.773,1.773,0,0,1-1.484-2.019l3.348-21.9A23.042,23.042,0,0,1,185-1229.271a1.77,1.77,0,0,1,1.771-1.771H227.5v-37.187A1.771,1.771,0,0,1,229.27-1270a1.77,1.77,0,0,1,1.771,1.771v1.85a19.508,19.508,0,0,1,17.71,19.4,19.509,19.509,0,0,1-17.772,19.406,23.061,23.061,0,0,1-12.286,18.7l.405,9.724a7.092,7.092,0,0,1,6.631,7.07,7.089,7.089,0,0,1-7.083,7.083A7.091,7.091,0,0,1,211.562-1192.083Zm3.541,0a3.546,3.546,0,0,0,3.543,3.542,3.546,3.546,0,0,0,3.541-3.542,3.545,3.545,0,0,0-3.541-3.541,3.541,3.541,0,0,0-.811.094l-.025.006A3.546,3.546,0,0,0,215.1-1192.083Zm.3-10.625-.2-4.69a22.924,22.924,0,0,1-7.186,1.149,22.919,22.919,0,0,1-7.439-1.234l-.73,4.775Zm-7.382-7.083a19.5,19.5,0,0,0,19.4-17.708h-38.8A19.5,19.5,0,0,0,208.021-1209.791Zm23.02-21.348a15.958,15.958,0,0,0,14.167-15.839,15.959,15.959,0,0,0-14.167-15.839Zm-26.562,10.723a1.77,1.77,0,0,1-1.771-1.771,1.77,1.77,0,0,1,1.771-1.771h7.083a1.77,1.77,0,0,1,1.771,1.771,1.77,1.77,0,0,1-1.771,1.771Zm-14.167-14.167a1.771,1.771,0,0,1-1.771-1.771,1.771,1.771,0,0,1,1.771-1.771h31.875a1.771,1.771,0,0,1,1.771,1.771,1.771,1.771,0,0,1-1.771,1.771Z\" transform=\"translate(536 1027)\"/>\r\n  </g>\r\n</svg>\r\n', 'Апарати для солодкої вати', 'Апарати для солодкої вати', 'Апарати для солодкої вати', 'Апарати для солодкої вати', 'Апарати для солодкої вати', 'aparaty-dlya-solodkoyi-vaty', 13, ''),
(65, 'Рисоварки', 51, '<svg xmlns=\"http://www.w3.org/2000/svg\" width=\"63.75\" height=\"85\" viewBox=\"0 0 63.75 85\">\r\n  <g id=\"grill\" transform=\"translate(-721 243)\">\r\n    <path id=\"grill-2\" data-name=\"grill\" d=\"M211.562-1192.083a7.093,7.093,0,0,1,4.018-6.385l-.029-.7h-16.24l-1.935,12.664a1.771,1.771,0,0,1-1.75,1.5,1.7,1.7,0,0,1-.269-.021,1.773,1.773,0,0,1-1.484-2.019l3.348-21.9A23.042,23.042,0,0,1,185-1229.271a1.77,1.77,0,0,1,1.771-1.771H227.5v-37.187A1.771,1.771,0,0,1,229.27-1270a1.77,1.77,0,0,1,1.771,1.771v1.85a19.508,19.508,0,0,1,17.71,19.4,19.509,19.509,0,0,1-17.772,19.406,23.061,23.061,0,0,1-12.286,18.7l.405,9.724a7.092,7.092,0,0,1,6.631,7.07,7.089,7.089,0,0,1-7.083,7.083A7.091,7.091,0,0,1,211.562-1192.083Zm3.541,0a3.546,3.546,0,0,0,3.543,3.542,3.546,3.546,0,0,0,3.541-3.542,3.545,3.545,0,0,0-3.541-3.541,3.541,3.541,0,0,0-.811.094l-.025.006A3.546,3.546,0,0,0,215.1-1192.083Zm.3-10.625-.2-4.69a22.924,22.924,0,0,1-7.186,1.149,22.919,22.919,0,0,1-7.439-1.234l-.73,4.775Zm-7.382-7.083a19.5,19.5,0,0,0,19.4-17.708h-38.8A19.5,19.5,0,0,0,208.021-1209.791Zm23.02-21.348a15.958,15.958,0,0,0,14.167-15.839,15.959,15.959,0,0,0-14.167-15.839Zm-26.562,10.723a1.77,1.77,0,0,1-1.771-1.771,1.77,1.77,0,0,1,1.771-1.771h7.083a1.77,1.77,0,0,1,1.771,1.771,1.77,1.77,0,0,1-1.771,1.771Zm-14.167-14.167a1.771,1.771,0,0,1-1.771-1.771,1.771,1.771,0,0,1,1.771-1.771h31.875a1.771,1.771,0,0,1,1.771,1.771,1.771,1.771,0,0,1-1.771,1.771Z\" transform=\"translate(536 1027)\"/>\r\n  </g>\r\n</svg>\r\n', 'Рисоварки', 'Рисоварки', 'Рисоварки', 'Рисоварки', 'Рисоварки', 'Rysovarky', 14, ''),
(66, 'Дегідратори', 51, '<svg xmlns=\"http://www.w3.org/2000/svg\" width=\"63.75\" height=\"85\" viewBox=\"0 0 63.75 85\">\r\n  <g id=\"grill\" transform=\"translate(-721 243)\">\r\n    <path id=\"grill-2\" data-name=\"grill\" d=\"M211.562-1192.083a7.093,7.093,0,0,1,4.018-6.385l-.029-.7h-16.24l-1.935,12.664a1.771,1.771,0,0,1-1.75,1.5,1.7,1.7,0,0,1-.269-.021,1.773,1.773,0,0,1-1.484-2.019l3.348-21.9A23.042,23.042,0,0,1,185-1229.271a1.77,1.77,0,0,1,1.771-1.771H227.5v-37.187A1.771,1.771,0,0,1,229.27-1270a1.77,1.77,0,0,1,1.771,1.771v1.85a19.508,19.508,0,0,1,17.71,19.4,19.509,19.509,0,0,1-17.772,19.406,23.061,23.061,0,0,1-12.286,18.7l.405,9.724a7.092,7.092,0,0,1,6.631,7.07,7.089,7.089,0,0,1-7.083,7.083A7.091,7.091,0,0,1,211.562-1192.083Zm3.541,0a3.546,3.546,0,0,0,3.543,3.542,3.546,3.546,0,0,0,3.541-3.542,3.545,3.545,0,0,0-3.541-3.541,3.541,3.541,0,0,0-.811.094l-.025.006A3.546,3.546,0,0,0,215.1-1192.083Zm.3-10.625-.2-4.69a22.924,22.924,0,0,1-7.186,1.149,22.919,22.919,0,0,1-7.439-1.234l-.73,4.775Zm-7.382-7.083a19.5,19.5,0,0,0,19.4-17.708h-38.8A19.5,19.5,0,0,0,208.021-1209.791Zm23.02-21.348a15.958,15.958,0,0,0,14.167-15.839,15.959,15.959,0,0,0-14.167-15.839Zm-26.562,10.723a1.77,1.77,0,0,1-1.771-1.771,1.77,1.77,0,0,1,1.771-1.771h7.083a1.77,1.77,0,0,1,1.771,1.771,1.77,1.77,0,0,1-1.771,1.771Zm-14.167-14.167a1.771,1.771,0,0,1-1.771-1.771,1.771,1.771,0,0,1,1.771-1.771h31.875a1.771,1.771,0,0,1,1.771,1.771,1.771,1.771,0,0,1-1.771,1.771Z\" transform=\"translate(536 1027)\"/>\r\n  </g>\r\n</svg>\r\n', 'Дегідратори', 'Дегідратори', 'Дегідратори', 'Дегідратори', 'Дегідратори', 'degidratory', 14, ''),
(67, 'Марніти', 51, '<svg xmlns=\"http://www.w3.org/2000/svg\" width=\"63.75\" height=\"85\" viewBox=\"0 0 63.75 85\">\r\n  <g id=\"grill\" transform=\"translate(-721 243)\">\r\n    <path id=\"grill-2\" data-name=\"grill\" d=\"M211.562-1192.083a7.093,7.093,0,0,1,4.018-6.385l-.029-.7h-16.24l-1.935,12.664a1.771,1.771,0,0,1-1.75,1.5,1.7,1.7,0,0,1-.269-.021,1.773,1.773,0,0,1-1.484-2.019l3.348-21.9A23.042,23.042,0,0,1,185-1229.271a1.77,1.77,0,0,1,1.771-1.771H227.5v-37.187A1.771,1.771,0,0,1,229.27-1270a1.77,1.77,0,0,1,1.771,1.771v1.85a19.508,19.508,0,0,1,17.71,19.4,19.509,19.509,0,0,1-17.772,19.406,23.061,23.061,0,0,1-12.286,18.7l.405,9.724a7.092,7.092,0,0,1,6.631,7.07,7.089,7.089,0,0,1-7.083,7.083A7.091,7.091,0,0,1,211.562-1192.083Zm3.541,0a3.546,3.546,0,0,0,3.543,3.542,3.546,3.546,0,0,0,3.541-3.542,3.545,3.545,0,0,0-3.541-3.541,3.541,3.541,0,0,0-.811.094l-.025.006A3.546,3.546,0,0,0,215.1-1192.083Zm.3-10.625-.2-4.69a22.924,22.924,0,0,1-7.186,1.149,22.919,22.919,0,0,1-7.439-1.234l-.73,4.775Zm-7.382-7.083a19.5,19.5,0,0,0,19.4-17.708h-38.8A19.5,19.5,0,0,0,208.021-1209.791Zm23.02-21.348a15.958,15.958,0,0,0,14.167-15.839,15.959,15.959,0,0,0-14.167-15.839Zm-26.562,10.723a1.77,1.77,0,0,1-1.771-1.771,1.77,1.77,0,0,1,1.771-1.771h7.083a1.77,1.77,0,0,1,1.771,1.771,1.77,1.77,0,0,1-1.771,1.771Zm-14.167-14.167a1.771,1.771,0,0,1-1.771-1.771,1.771,1.771,0,0,1,1.771-1.771h31.875a1.771,1.771,0,0,1,1.771,1.771,1.771,1.771,0,0,1-1.771,1.771Z\" transform=\"translate(536 1027)\"/>\r\n  </g>\r\n</svg>\r\n', 'Марніти', 'Марніти', 'Марніти', 'Марніти', 'Марніти', 'marnity', 15, '');
INSERT INTO `categories` (`id`, `name`, `parent_id`, `image`, `desription`, `title`, `description_page`, `keywords`, `title_h1`, `slug`, `position`, `picture`) VALUES
(68, 'Супниці', 51, '<svg xmlns=\"http://www.w3.org/2000/svg\" width=\"63.75\" height=\"85\" viewBox=\"0 0 63.75 85\">\r\n  <g id=\"grill\" transform=\"translate(-721 243)\">\r\n    <path id=\"grill-2\" data-name=\"grill\" d=\"M211.562-1192.083a7.093,7.093,0,0,1,4.018-6.385l-.029-.7h-16.24l-1.935,12.664a1.771,1.771,0,0,1-1.75,1.5,1.7,1.7,0,0,1-.269-.021,1.773,1.773,0,0,1-1.484-2.019l3.348-21.9A23.042,23.042,0,0,1,185-1229.271a1.77,1.77,0,0,1,1.771-1.771H227.5v-37.187A1.771,1.771,0,0,1,229.27-1270a1.77,1.77,0,0,1,1.771,1.771v1.85a19.508,19.508,0,0,1,17.71,19.4,19.509,19.509,0,0,1-17.772,19.406,23.061,23.061,0,0,1-12.286,18.7l.405,9.724a7.092,7.092,0,0,1,6.631,7.07,7.089,7.089,0,0,1-7.083,7.083A7.091,7.091,0,0,1,211.562-1192.083Zm3.541,0a3.546,3.546,0,0,0,3.543,3.542,3.546,3.546,0,0,0,3.541-3.542,3.545,3.545,0,0,0-3.541-3.541,3.541,3.541,0,0,0-.811.094l-.025.006A3.546,3.546,0,0,0,215.1-1192.083Zm.3-10.625-.2-4.69a22.924,22.924,0,0,1-7.186,1.149,22.919,22.919,0,0,1-7.439-1.234l-.73,4.775Zm-7.382-7.083a19.5,19.5,0,0,0,19.4-17.708h-38.8A19.5,19.5,0,0,0,208.021-1209.791Zm23.02-21.348a15.958,15.958,0,0,0,14.167-15.839,15.959,15.959,0,0,0-14.167-15.839Zm-26.562,10.723a1.77,1.77,0,0,1-1.771-1.771,1.77,1.77,0,0,1,1.771-1.771h7.083a1.77,1.77,0,0,1,1.771,1.771,1.77,1.77,0,0,1-1.771,1.771Zm-14.167-14.167a1.771,1.771,0,0,1-1.771-1.771,1.771,1.771,0,0,1,1.771-1.771h31.875a1.771,1.771,0,0,1,1.771,1.771,1.771,1.771,0,0,1-1.771,1.771Z\" transform=\"translate(536 1027)\"/>\r\n  </g>\r\n</svg>\r\n', 'Супниці', 'Супниці', 'Супниці', 'Супниці', 'Супниці', 'Supnyci', 16, ''),
(69, 'Чафіндіші', 51, '<svg xmlns=\"http://www.w3.org/2000/svg\" width=\"63.75\" height=\"85\" viewBox=\"0 0 63.75 85\">\r\n  <g id=\"grill\" transform=\"translate(-721 243)\">\r\n    <path id=\"grill-2\" data-name=\"grill\" d=\"M211.562-1192.083a7.093,7.093,0,0,1,4.018-6.385l-.029-.7h-16.24l-1.935,12.664a1.771,1.771,0,0,1-1.75,1.5,1.7,1.7,0,0,1-.269-.021,1.773,1.773,0,0,1-1.484-2.019l3.348-21.9A23.042,23.042,0,0,1,185-1229.271a1.77,1.77,0,0,1,1.771-1.771H227.5v-37.187A1.771,1.771,0,0,1,229.27-1270a1.77,1.77,0,0,1,1.771,1.771v1.85a19.508,19.508,0,0,1,17.71,19.4,19.509,19.509,0,0,1-17.772,19.406,23.061,23.061,0,0,1-12.286,18.7l.405,9.724a7.092,7.092,0,0,1,6.631,7.07,7.089,7.089,0,0,1-7.083,7.083A7.091,7.091,0,0,1,211.562-1192.083Zm3.541,0a3.546,3.546,0,0,0,3.543,3.542,3.546,3.546,0,0,0,3.541-3.542,3.545,3.545,0,0,0-3.541-3.541,3.541,3.541,0,0,0-.811.094l-.025.006A3.546,3.546,0,0,0,215.1-1192.083Zm.3-10.625-.2-4.69a22.924,22.924,0,0,1-7.186,1.149,22.919,22.919,0,0,1-7.439-1.234l-.73,4.775Zm-7.382-7.083a19.5,19.5,0,0,0,19.4-17.708h-38.8A19.5,19.5,0,0,0,208.021-1209.791Zm23.02-21.348a15.958,15.958,0,0,0,14.167-15.839,15.959,15.959,0,0,0-14.167-15.839Zm-26.562,10.723a1.77,1.77,0,0,1-1.771-1.771,1.77,1.77,0,0,1,1.771-1.771h7.083a1.77,1.77,0,0,1,1.771,1.771,1.77,1.77,0,0,1-1.771,1.771Zm-14.167-14.167a1.771,1.771,0,0,1-1.771-1.771,1.771,1.771,0,0,1,1.771-1.771h31.875a1.771,1.771,0,0,1,1.771,1.771,1.771,1.771,0,0,1-1.771,1.771Z\" transform=\"translate(536 1027)\"/>\r\n  </g>\r\n</svg>\r\n', 'Чафіндіші', 'Чафіндіші', 'Чафіндіші', 'Чафіндіші', 'Чафіндіші', 'chafindishi', 17, ''),
(70, 'Апарати для гарячого шоколаду', 51, '<svg xmlns=\"http://www.w3.org/2000/svg\" width=\"63.75\" height=\"85\" viewBox=\"0 0 63.75 85\">\r\n  <g id=\"grill\" transform=\"translate(-721 243)\">\r\n    <path id=\"grill-2\" data-name=\"grill\" d=\"M211.562-1192.083a7.093,7.093,0,0,1,4.018-6.385l-.029-.7h-16.24l-1.935,12.664a1.771,1.771,0,0,1-1.75,1.5,1.7,1.7,0,0,1-.269-.021,1.773,1.773,0,0,1-1.484-2.019l3.348-21.9A23.042,23.042,0,0,1,185-1229.271a1.77,1.77,0,0,1,1.771-1.771H227.5v-37.187A1.771,1.771,0,0,1,229.27-1270a1.77,1.77,0,0,1,1.771,1.771v1.85a19.508,19.508,0,0,1,17.71,19.4,19.509,19.509,0,0,1-17.772,19.406,23.061,23.061,0,0,1-12.286,18.7l.405,9.724a7.092,7.092,0,0,1,6.631,7.07,7.089,7.089,0,0,1-7.083,7.083A7.091,7.091,0,0,1,211.562-1192.083Zm3.541,0a3.546,3.546,0,0,0,3.543,3.542,3.546,3.546,0,0,0,3.541-3.542,3.545,3.545,0,0,0-3.541-3.541,3.541,3.541,0,0,0-.811.094l-.025.006A3.546,3.546,0,0,0,215.1-1192.083Zm.3-10.625-.2-4.69a22.924,22.924,0,0,1-7.186,1.149,22.919,22.919,0,0,1-7.439-1.234l-.73,4.775Zm-7.382-7.083a19.5,19.5,0,0,0,19.4-17.708h-38.8A19.5,19.5,0,0,0,208.021-1209.791Zm23.02-21.348a15.958,15.958,0,0,0,14.167-15.839,15.959,15.959,0,0,0-14.167-15.839Zm-26.562,10.723a1.77,1.77,0,0,1-1.771-1.771,1.77,1.77,0,0,1,1.771-1.771h7.083a1.77,1.77,0,0,1,1.771,1.771,1.77,1.77,0,0,1-1.771,1.771Zm-14.167-14.167a1.771,1.771,0,0,1-1.771-1.771,1.771,1.771,0,0,1,1.771-1.771h31.875a1.771,1.771,0,0,1,1.771,1.771,1.771,1.771,0,0,1-1.771,1.771Z\" transform=\"translate(536 1027)\"/>\r\n  </g>\r\n</svg>\r\n', 'Апарати для гарячого шоколаду', 'Апарати для гарячого шоколаду', 'Апарати для гарячого шоколаду', 'Апарати для гарячого шоколаду', 'Апарати для гарячого шоколаду', 'aparaty-dlya-garyachogo-shokoladu', 18, ''),
(71, 'Теплове обладнання', 0, '<svg xmlns=\"http://www.w3.org/2000/svg\" width=\"49.576\" height=\"85\" viewBox=\"0 0 49.576 85\">\r\n  <path id=\"cooker\" d=\"M42.079,83.91V81.127H9.438V83.91a1.09,1.09,0,0,1-2.18,0V81.079A7.637,7.637,0,0,1,.487,73.5V36.251a7.635,7.635,0,0,1,7.628-7.628H41.949a7.635,7.635,0,0,1,7.628,7.628V73.471a7.635,7.635,0,0,1-5.318,7.3V83.91a1.09,1.09,0,1,1-2.179,0ZM8.115,30.832a5.455,5.455,0,0,0-5.449,5.448V73.5a5.449,5.449,0,0,0,5.449,5.448H41.949A5.455,5.455,0,0,0,47.4,73.5V36.251A5.463,5.463,0,0,0,41.949,30.8ZM4.81,69.671V59.5a7.636,7.636,0,0,1,7.628-7.629H38.076A7.636,7.636,0,0,1,45.7,59.5V69.671a7.635,7.635,0,0,1-7.628,7.592H12.445A7.635,7.635,0,0,1,4.81,69.671ZM8.6,55.637A5.447,5.447,0,0,0,6.989,59.5V69.671a5.456,5.456,0,0,0,5.449,5.449H38.076a5.456,5.456,0,0,0,5.449-5.449V59.5a5.449,5.449,0,0,0-5.449-5.449H12.437A5.447,5.447,0,0,0,8.6,55.637ZM7.056,47.953a7.636,7.636,0,0,1-2.247-5.4v-2.4a7.636,7.636,0,0,1,7.628-7.628H38.076A7.636,7.636,0,0,1,45.7,40.153v2.4a7.636,7.636,0,0,1-7.628,7.628H12.447A7.64,7.64,0,0,1,7.056,47.953Zm-.038-7.8v2.4A5.449,5.449,0,0,0,12.467,48H38.076a5.449,5.449,0,0,0,5.449-5.449v-2.4A5.449,5.449,0,0,0,38.076,34.7H12.467A5.449,5.449,0,0,0,7.018,40.153ZM40.749,26.967H1.09a1.09,1.09,0,1,1,0-2.179H7.715V18.14a1.09,1.09,0,0,1,1.09-1.089h8.718a1.09,1.09,0,0,1,1.09,1.089v6.648h1.7V18.14A1.09,1.09,0,0,1,21.4,17.05H40.749a1.09,1.09,0,0,1,1.09,1.089v6.648h6.648a1.09,1.09,0,0,1,0,2.179ZM39.66,24.787V19.23H22.492v5.558Zm-23.219,0V19.23H9.9v5.558ZM11.7,16.324h.022a1.09,1.09,0,0,1-.843-.415,6.3,6.3,0,0,1-1.715-4,3.836,3.836,0,0,1,.938-2.237,1.689,1.689,0,0,0,.516-1.032A4.1,4.1,0,0,0,9.43,6.131a1.09,1.09,0,1,1,1.678-1.387A5.961,5.961,0,0,1,12.8,8.754a3.837,3.837,0,0,1-.944,2.238,1.74,1.74,0,0,0-.509,1.032,4.155,4.155,0,0,0,1.2,2.521,1.083,1.083,0,0,1-.828,1.781Zm16.71-.785c-1.265-1.214-1.845-2.339-1.78-3.437a3.015,3.015,0,0,1,1-2.005c.32-.326.414-.45.421-.6s-.073-.726-1.112-1.722A1.092,1.092,0,0,1,28.45,6.2c1.265,1.213,1.846,2.339,1.773,3.436A2.986,2.986,0,0,1,29.2,11.609c-.313.327-.407.45-.415.6s.073.726,1.1,1.722a1.09,1.09,0,0,1-.726,1.882l-.022.029A1.075,1.075,0,0,1,28.414,15.539ZM14.879,12.2a1.082,1.082,0,0,1-.145-1.533,4.183,4.183,0,0,0,1.2-2.513,1.812,1.812,0,0,0-.5-1.032,3.753,3.753,0,0,1-.944-2.23A5.939,5.939,0,0,1,16.18.879a1.1,1.1,0,1,1,1.707,1.387,4.18,4.18,0,0,0-1.2,2.513,1.787,1.787,0,0,0,.473,1.032A3.747,3.747,0,0,1,18.1,8.049a5.936,5.936,0,0,1-1.693,4.01,1.074,1.074,0,0,1-.806.4h-.022A1.1,1.1,0,0,1,14.879,12.2Zm17.443-.48a1.1,1.1,0,0,1-.153-1.533,4.113,4.113,0,0,0,1.2-2.521,1.712,1.712,0,0,0-.5-1.024,3.888,3.888,0,0,1-.945-2.237A6,6,0,0,1,33.615.4,1.09,1.09,0,0,1,35.148.246a1.1,1.1,0,0,1,.174,1.54,4.077,4.077,0,0,0-1.22,2.5A1.747,1.747,0,0,0,34.6,5.325a3.833,3.833,0,0,1,.945,2.237,5.947,5.947,0,0,1-1.671,3.989,1.1,1.1,0,0,1-.857.421h-.006A1.071,1.071,0,0,1,32.323,11.725Z\"/>\r\n</svg>\r\n', 'Теплове обладнання', 'Теплове обладнання', 'Теплове обладнання', 'Теплове обладнання', 'Теплове обладнання', 'teplove-obladnannya', 3, ''),
(72, 'Електричні плити', 71, '<svg xmlns=\"http://www.w3.org/2000/svg\" width=\"49.576\" height=\"85\" viewBox=\"0 0 49.576 85\">\r\n  <path id=\"cooker\" d=\"M42.079,83.91V81.127H9.438V83.91a1.09,1.09,0,0,1-2.18,0V81.079A7.637,7.637,0,0,1,.487,73.5V36.251a7.635,7.635,0,0,1,7.628-7.628H41.949a7.635,7.635,0,0,1,7.628,7.628V73.471a7.635,7.635,0,0,1-5.318,7.3V83.91a1.09,1.09,0,1,1-2.179,0ZM8.115,30.832a5.455,5.455,0,0,0-5.449,5.448V73.5a5.449,5.449,0,0,0,5.449,5.448H41.949A5.455,5.455,0,0,0,47.4,73.5V36.251A5.463,5.463,0,0,0,41.949,30.8ZM4.81,69.671V59.5a7.636,7.636,0,0,1,7.628-7.629H38.076A7.636,7.636,0,0,1,45.7,59.5V69.671a7.635,7.635,0,0,1-7.628,7.592H12.445A7.635,7.635,0,0,1,4.81,69.671ZM8.6,55.637A5.447,5.447,0,0,0,6.989,59.5V69.671a5.456,5.456,0,0,0,5.449,5.449H38.076a5.456,5.456,0,0,0,5.449-5.449V59.5a5.449,5.449,0,0,0-5.449-5.449H12.437A5.447,5.447,0,0,0,8.6,55.637ZM7.056,47.953a7.636,7.636,0,0,1-2.247-5.4v-2.4a7.636,7.636,0,0,1,7.628-7.628H38.076A7.636,7.636,0,0,1,45.7,40.153v2.4a7.636,7.636,0,0,1-7.628,7.628H12.447A7.64,7.64,0,0,1,7.056,47.953Zm-.038-7.8v2.4A5.449,5.449,0,0,0,12.467,48H38.076a5.449,5.449,0,0,0,5.449-5.449v-2.4A5.449,5.449,0,0,0,38.076,34.7H12.467A5.449,5.449,0,0,0,7.018,40.153ZM40.749,26.967H1.09a1.09,1.09,0,1,1,0-2.179H7.715V18.14a1.09,1.09,0,0,1,1.09-1.089h8.718a1.09,1.09,0,0,1,1.09,1.089v6.648h1.7V18.14A1.09,1.09,0,0,1,21.4,17.05H40.749a1.09,1.09,0,0,1,1.09,1.089v6.648h6.648a1.09,1.09,0,0,1,0,2.179ZM39.66,24.787V19.23H22.492v5.558Zm-23.219,0V19.23H9.9v5.558ZM11.7,16.324h.022a1.09,1.09,0,0,1-.843-.415,6.3,6.3,0,0,1-1.715-4,3.836,3.836,0,0,1,.938-2.237,1.689,1.689,0,0,0,.516-1.032A4.1,4.1,0,0,0,9.43,6.131a1.09,1.09,0,1,1,1.678-1.387A5.961,5.961,0,0,1,12.8,8.754a3.837,3.837,0,0,1-.944,2.238,1.74,1.74,0,0,0-.509,1.032,4.155,4.155,0,0,0,1.2,2.521,1.083,1.083,0,0,1-.828,1.781Zm16.71-.785c-1.265-1.214-1.845-2.339-1.78-3.437a3.015,3.015,0,0,1,1-2.005c.32-.326.414-.45.421-.6s-.073-.726-1.112-1.722A1.092,1.092,0,0,1,28.45,6.2c1.265,1.213,1.846,2.339,1.773,3.436A2.986,2.986,0,0,1,29.2,11.609c-.313.327-.407.45-.415.6s.073.726,1.1,1.722a1.09,1.09,0,0,1-.726,1.882l-.022.029A1.075,1.075,0,0,1,28.414,15.539ZM14.879,12.2a1.082,1.082,0,0,1-.145-1.533,4.183,4.183,0,0,0,1.2-2.513,1.812,1.812,0,0,0-.5-1.032,3.753,3.753,0,0,1-.944-2.23A5.939,5.939,0,0,1,16.18.879a1.1,1.1,0,1,1,1.707,1.387,4.18,4.18,0,0,0-1.2,2.513,1.787,1.787,0,0,0,.473,1.032A3.747,3.747,0,0,1,18.1,8.049a5.936,5.936,0,0,1-1.693,4.01,1.074,1.074,0,0,1-.806.4h-.022A1.1,1.1,0,0,1,14.879,12.2Zm17.443-.48a1.1,1.1,0,0,1-.153-1.533,4.113,4.113,0,0,0,1.2-2.521,1.712,1.712,0,0,0-.5-1.024,3.888,3.888,0,0,1-.945-2.237A6,6,0,0,1,33.615.4,1.09,1.09,0,0,1,35.148.246a1.1,1.1,0,0,1,.174,1.54,4.077,4.077,0,0,0-1.22,2.5A1.747,1.747,0,0,0,34.6,5.325a3.833,3.833,0,0,1,.945,2.237,5.947,5.947,0,0,1-1.671,3.989,1.1,1.1,0,0,1-.857.421h-.006A1.071,1.071,0,0,1,32.323,11.725Z\"/>\r\n</svg>\r\n', 'Електричні плити', 'Електричні плити', 'Електричні плити', 'Електричні плити', 'Електричні плити', 'elektrychni-plyty', 1, ''),
(73, 'Електроплити з духовкою', 72, '<svg xmlns=\"http://www.w3.org/2000/svg\" width=\"49.576\" height=\"85\" viewBox=\"0 0 49.576 85\">\r\n  <path id=\"cooker\" d=\"M42.079,83.91V81.127H9.438V83.91a1.09,1.09,0,0,1-2.18,0V81.079A7.637,7.637,0,0,1,.487,73.5V36.251a7.635,7.635,0,0,1,7.628-7.628H41.949a7.635,7.635,0,0,1,7.628,7.628V73.471a7.635,7.635,0,0,1-5.318,7.3V83.91a1.09,1.09,0,1,1-2.179,0ZM8.115,30.832a5.455,5.455,0,0,0-5.449,5.448V73.5a5.449,5.449,0,0,0,5.449,5.448H41.949A5.455,5.455,0,0,0,47.4,73.5V36.251A5.463,5.463,0,0,0,41.949,30.8ZM4.81,69.671V59.5a7.636,7.636,0,0,1,7.628-7.629H38.076A7.636,7.636,0,0,1,45.7,59.5V69.671a7.635,7.635,0,0,1-7.628,7.592H12.445A7.635,7.635,0,0,1,4.81,69.671ZM8.6,55.637A5.447,5.447,0,0,0,6.989,59.5V69.671a5.456,5.456,0,0,0,5.449,5.449H38.076a5.456,5.456,0,0,0,5.449-5.449V59.5a5.449,5.449,0,0,0-5.449-5.449H12.437A5.447,5.447,0,0,0,8.6,55.637ZM7.056,47.953a7.636,7.636,0,0,1-2.247-5.4v-2.4a7.636,7.636,0,0,1,7.628-7.628H38.076A7.636,7.636,0,0,1,45.7,40.153v2.4a7.636,7.636,0,0,1-7.628,7.628H12.447A7.64,7.64,0,0,1,7.056,47.953Zm-.038-7.8v2.4A5.449,5.449,0,0,0,12.467,48H38.076a5.449,5.449,0,0,0,5.449-5.449v-2.4A5.449,5.449,0,0,0,38.076,34.7H12.467A5.449,5.449,0,0,0,7.018,40.153ZM40.749,26.967H1.09a1.09,1.09,0,1,1,0-2.179H7.715V18.14a1.09,1.09,0,0,1,1.09-1.089h8.718a1.09,1.09,0,0,1,1.09,1.089v6.648h1.7V18.14A1.09,1.09,0,0,1,21.4,17.05H40.749a1.09,1.09,0,0,1,1.09,1.089v6.648h6.648a1.09,1.09,0,0,1,0,2.179ZM39.66,24.787V19.23H22.492v5.558Zm-23.219,0V19.23H9.9v5.558ZM11.7,16.324h.022a1.09,1.09,0,0,1-.843-.415,6.3,6.3,0,0,1-1.715-4,3.836,3.836,0,0,1,.938-2.237,1.689,1.689,0,0,0,.516-1.032A4.1,4.1,0,0,0,9.43,6.131a1.09,1.09,0,1,1,1.678-1.387A5.961,5.961,0,0,1,12.8,8.754a3.837,3.837,0,0,1-.944,2.238,1.74,1.74,0,0,0-.509,1.032,4.155,4.155,0,0,0,1.2,2.521,1.083,1.083,0,0,1-.828,1.781Zm16.71-.785c-1.265-1.214-1.845-2.339-1.78-3.437a3.015,3.015,0,0,1,1-2.005c.32-.326.414-.45.421-.6s-.073-.726-1.112-1.722A1.092,1.092,0,0,1,28.45,6.2c1.265,1.213,1.846,2.339,1.773,3.436A2.986,2.986,0,0,1,29.2,11.609c-.313.327-.407.45-.415.6s.073.726,1.1,1.722a1.09,1.09,0,0,1-.726,1.882l-.022.029A1.075,1.075,0,0,1,28.414,15.539ZM14.879,12.2a1.082,1.082,0,0,1-.145-1.533,4.183,4.183,0,0,0,1.2-2.513,1.812,1.812,0,0,0-.5-1.032,3.753,3.753,0,0,1-.944-2.23A5.939,5.939,0,0,1,16.18.879a1.1,1.1,0,1,1,1.707,1.387,4.18,4.18,0,0,0-1.2,2.513,1.787,1.787,0,0,0,.473,1.032A3.747,3.747,0,0,1,18.1,8.049a5.936,5.936,0,0,1-1.693,4.01,1.074,1.074,0,0,1-.806.4h-.022A1.1,1.1,0,0,1,14.879,12.2Zm17.443-.48a1.1,1.1,0,0,1-.153-1.533,4.113,4.113,0,0,0,1.2-2.521,1.712,1.712,0,0,0-.5-1.024,3.888,3.888,0,0,1-.945-2.237A6,6,0,0,1,33.615.4,1.09,1.09,0,0,1,35.148.246a1.1,1.1,0,0,1,.174,1.54,4.077,4.077,0,0,0-1.22,2.5A1.747,1.747,0,0,0,34.6,5.325a3.833,3.833,0,0,1,.945,2.237,5.947,5.947,0,0,1-1.671,3.989,1.1,1.1,0,0,1-.857.421h-.006A1.071,1.071,0,0,1,32.323,11.725Z\"/>\r\n</svg>\r\n', 'Електроплити з духовкою', 'Електроплити з духовкою', 'Електроплити з духовкою', 'Електроплити з духовкою', 'Електроплити з духовкою', 'elektroplyty-z-duxovkoyu', 1, ''),
(75, 'Електроплити без духовки', 72, '<svg xmlns=\"http://www.w3.org/2000/svg\" width=\"49.576\" height=\"85\" viewBox=\"0 0 49.576 85\">\r\n  <path id=\"cooker\" d=\"M42.079,83.91V81.127H9.438V83.91a1.09,1.09,0,0,1-2.18,0V81.079A7.637,7.637,0,0,1,.487,73.5V36.251a7.635,7.635,0,0,1,7.628-7.628H41.949a7.635,7.635,0,0,1,7.628,7.628V73.471a7.635,7.635,0,0,1-5.318,7.3V83.91a1.09,1.09,0,1,1-2.179,0ZM8.115,30.832a5.455,5.455,0,0,0-5.449,5.448V73.5a5.449,5.449,0,0,0,5.449,5.448H41.949A5.455,5.455,0,0,0,47.4,73.5V36.251A5.463,5.463,0,0,0,41.949,30.8ZM4.81,69.671V59.5a7.636,7.636,0,0,1,7.628-7.629H38.076A7.636,7.636,0,0,1,45.7,59.5V69.671a7.635,7.635,0,0,1-7.628,7.592H12.445A7.635,7.635,0,0,1,4.81,69.671ZM8.6,55.637A5.447,5.447,0,0,0,6.989,59.5V69.671a5.456,5.456,0,0,0,5.449,5.449H38.076a5.456,5.456,0,0,0,5.449-5.449V59.5a5.449,5.449,0,0,0-5.449-5.449H12.437A5.447,5.447,0,0,0,8.6,55.637ZM7.056,47.953a7.636,7.636,0,0,1-2.247-5.4v-2.4a7.636,7.636,0,0,1,7.628-7.628H38.076A7.636,7.636,0,0,1,45.7,40.153v2.4a7.636,7.636,0,0,1-7.628,7.628H12.447A7.64,7.64,0,0,1,7.056,47.953Zm-.038-7.8v2.4A5.449,5.449,0,0,0,12.467,48H38.076a5.449,5.449,0,0,0,5.449-5.449v-2.4A5.449,5.449,0,0,0,38.076,34.7H12.467A5.449,5.449,0,0,0,7.018,40.153ZM40.749,26.967H1.09a1.09,1.09,0,1,1,0-2.179H7.715V18.14a1.09,1.09,0,0,1,1.09-1.089h8.718a1.09,1.09,0,0,1,1.09,1.089v6.648h1.7V18.14A1.09,1.09,0,0,1,21.4,17.05H40.749a1.09,1.09,0,0,1,1.09,1.089v6.648h6.648a1.09,1.09,0,0,1,0,2.179ZM39.66,24.787V19.23H22.492v5.558Zm-23.219,0V19.23H9.9v5.558ZM11.7,16.324h.022a1.09,1.09,0,0,1-.843-.415,6.3,6.3,0,0,1-1.715-4,3.836,3.836,0,0,1,.938-2.237,1.689,1.689,0,0,0,.516-1.032A4.1,4.1,0,0,0,9.43,6.131a1.09,1.09,0,1,1,1.678-1.387A5.961,5.961,0,0,1,12.8,8.754a3.837,3.837,0,0,1-.944,2.238,1.74,1.74,0,0,0-.509,1.032,4.155,4.155,0,0,0,1.2,2.521,1.083,1.083,0,0,1-.828,1.781Zm16.71-.785c-1.265-1.214-1.845-2.339-1.78-3.437a3.015,3.015,0,0,1,1-2.005c.32-.326.414-.45.421-.6s-.073-.726-1.112-1.722A1.092,1.092,0,0,1,28.45,6.2c1.265,1.213,1.846,2.339,1.773,3.436A2.986,2.986,0,0,1,29.2,11.609c-.313.327-.407.45-.415.6s.073.726,1.1,1.722a1.09,1.09,0,0,1-.726,1.882l-.022.029A1.075,1.075,0,0,1,28.414,15.539ZM14.879,12.2a1.082,1.082,0,0,1-.145-1.533,4.183,4.183,0,0,0,1.2-2.513,1.812,1.812,0,0,0-.5-1.032,3.753,3.753,0,0,1-.944-2.23A5.939,5.939,0,0,1,16.18.879a1.1,1.1,0,1,1,1.707,1.387,4.18,4.18,0,0,0-1.2,2.513,1.787,1.787,0,0,0,.473,1.032A3.747,3.747,0,0,1,18.1,8.049a5.936,5.936,0,0,1-1.693,4.01,1.074,1.074,0,0,1-.806.4h-.022A1.1,1.1,0,0,1,14.879,12.2Zm17.443-.48a1.1,1.1,0,0,1-.153-1.533,4.113,4.113,0,0,0,1.2-2.521,1.712,1.712,0,0,0-.5-1.024,3.888,3.888,0,0,1-.945-2.237A6,6,0,0,1,33.615.4,1.09,1.09,0,0,1,35.148.246a1.1,1.1,0,0,1,.174,1.54,4.077,4.077,0,0,0-1.22,2.5A1.747,1.747,0,0,0,34.6,5.325a3.833,3.833,0,0,1,.945,2.237,5.947,5.947,0,0,1-1.671,3.989,1.1,1.1,0,0,1-.857.421h-.006A1.071,1.071,0,0,1,32.323,11.725Z\"/>\r\n</svg>\r\n', 'Електроплити без духовки', 'Електроплити без духовки', 'Електроплити без духовки', 'Електроплити без духовки', 'Електроплити без духовки', 'elektroplyty-bez-duxovky', 2, ''),
(76, 'Електроплити настільні', 72, '<svg xmlns=\"http://www.w3.org/2000/svg\" width=\"49.576\" height=\"85\" viewBox=\"0 0 49.576 85\">\r\n  <path id=\"cooker\" d=\"M42.079,83.91V81.127H9.438V83.91a1.09,1.09,0,0,1-2.18,0V81.079A7.637,7.637,0,0,1,.487,73.5V36.251a7.635,7.635,0,0,1,7.628-7.628H41.949a7.635,7.635,0,0,1,7.628,7.628V73.471a7.635,7.635,0,0,1-5.318,7.3V83.91a1.09,1.09,0,1,1-2.179,0ZM8.115,30.832a5.455,5.455,0,0,0-5.449,5.448V73.5a5.449,5.449,0,0,0,5.449,5.448H41.949A5.455,5.455,0,0,0,47.4,73.5V36.251A5.463,5.463,0,0,0,41.949,30.8ZM4.81,69.671V59.5a7.636,7.636,0,0,1,7.628-7.629H38.076A7.636,7.636,0,0,1,45.7,59.5V69.671a7.635,7.635,0,0,1-7.628,7.592H12.445A7.635,7.635,0,0,1,4.81,69.671ZM8.6,55.637A5.447,5.447,0,0,0,6.989,59.5V69.671a5.456,5.456,0,0,0,5.449,5.449H38.076a5.456,5.456,0,0,0,5.449-5.449V59.5a5.449,5.449,0,0,0-5.449-5.449H12.437A5.447,5.447,0,0,0,8.6,55.637ZM7.056,47.953a7.636,7.636,0,0,1-2.247-5.4v-2.4a7.636,7.636,0,0,1,7.628-7.628H38.076A7.636,7.636,0,0,1,45.7,40.153v2.4a7.636,7.636,0,0,1-7.628,7.628H12.447A7.64,7.64,0,0,1,7.056,47.953Zm-.038-7.8v2.4A5.449,5.449,0,0,0,12.467,48H38.076a5.449,5.449,0,0,0,5.449-5.449v-2.4A5.449,5.449,0,0,0,38.076,34.7H12.467A5.449,5.449,0,0,0,7.018,40.153ZM40.749,26.967H1.09a1.09,1.09,0,1,1,0-2.179H7.715V18.14a1.09,1.09,0,0,1,1.09-1.089h8.718a1.09,1.09,0,0,1,1.09,1.089v6.648h1.7V18.14A1.09,1.09,0,0,1,21.4,17.05H40.749a1.09,1.09,0,0,1,1.09,1.089v6.648h6.648a1.09,1.09,0,0,1,0,2.179ZM39.66,24.787V19.23H22.492v5.558Zm-23.219,0V19.23H9.9v5.558ZM11.7,16.324h.022a1.09,1.09,0,0,1-.843-.415,6.3,6.3,0,0,1-1.715-4,3.836,3.836,0,0,1,.938-2.237,1.689,1.689,0,0,0,.516-1.032A4.1,4.1,0,0,0,9.43,6.131a1.09,1.09,0,1,1,1.678-1.387A5.961,5.961,0,0,1,12.8,8.754a3.837,3.837,0,0,1-.944,2.238,1.74,1.74,0,0,0-.509,1.032,4.155,4.155,0,0,0,1.2,2.521,1.083,1.083,0,0,1-.828,1.781Zm16.71-.785c-1.265-1.214-1.845-2.339-1.78-3.437a3.015,3.015,0,0,1,1-2.005c.32-.326.414-.45.421-.6s-.073-.726-1.112-1.722A1.092,1.092,0,0,1,28.45,6.2c1.265,1.213,1.846,2.339,1.773,3.436A2.986,2.986,0,0,1,29.2,11.609c-.313.327-.407.45-.415.6s.073.726,1.1,1.722a1.09,1.09,0,0,1-.726,1.882l-.022.029A1.075,1.075,0,0,1,28.414,15.539ZM14.879,12.2a1.082,1.082,0,0,1-.145-1.533,4.183,4.183,0,0,0,1.2-2.513,1.812,1.812,0,0,0-.5-1.032,3.753,3.753,0,0,1-.944-2.23A5.939,5.939,0,0,1,16.18.879a1.1,1.1,0,1,1,1.707,1.387,4.18,4.18,0,0,0-1.2,2.513,1.787,1.787,0,0,0,.473,1.032A3.747,3.747,0,0,1,18.1,8.049a5.936,5.936,0,0,1-1.693,4.01,1.074,1.074,0,0,1-.806.4h-.022A1.1,1.1,0,0,1,14.879,12.2Zm17.443-.48a1.1,1.1,0,0,1-.153-1.533,4.113,4.113,0,0,0,1.2-2.521,1.712,1.712,0,0,0-.5-1.024,3.888,3.888,0,0,1-.945-2.237A6,6,0,0,1,33.615.4,1.09,1.09,0,0,1,35.148.246a1.1,1.1,0,0,1,.174,1.54,4.077,4.077,0,0,0-1.22,2.5A1.747,1.747,0,0,0,34.6,5.325a3.833,3.833,0,0,1,.945,2.237,5.947,5.947,0,0,1-1.671,3.989,1.1,1.1,0,0,1-.857.421h-.006A1.071,1.071,0,0,1,32.323,11.725Z\"/>\r\n</svg>\r\n', 'Електроплити настільні', 'Електроплити настільні', 'Електроплити настільні', 'Електроплити настільні', 'Електроплити настільні', 'elektroplyty-nastilni', 3, ''),
(77, 'Індукційні плити', 71, '<svg xmlns=\"http://www.w3.org/2000/svg\" width=\"49.576\" height=\"85\" viewBox=\"0 0 49.576 85\">\r\n  <path id=\"cooker\" d=\"M42.079,83.91V81.127H9.438V83.91a1.09,1.09,0,0,1-2.18,0V81.079A7.637,7.637,0,0,1,.487,73.5V36.251a7.635,7.635,0,0,1,7.628-7.628H41.949a7.635,7.635,0,0,1,7.628,7.628V73.471a7.635,7.635,0,0,1-5.318,7.3V83.91a1.09,1.09,0,1,1-2.179,0ZM8.115,30.832a5.455,5.455,0,0,0-5.449,5.448V73.5a5.449,5.449,0,0,0,5.449,5.448H41.949A5.455,5.455,0,0,0,47.4,73.5V36.251A5.463,5.463,0,0,0,41.949,30.8ZM4.81,69.671V59.5a7.636,7.636,0,0,1,7.628-7.629H38.076A7.636,7.636,0,0,1,45.7,59.5V69.671a7.635,7.635,0,0,1-7.628,7.592H12.445A7.635,7.635,0,0,1,4.81,69.671ZM8.6,55.637A5.447,5.447,0,0,0,6.989,59.5V69.671a5.456,5.456,0,0,0,5.449,5.449H38.076a5.456,5.456,0,0,0,5.449-5.449V59.5a5.449,5.449,0,0,0-5.449-5.449H12.437A5.447,5.447,0,0,0,8.6,55.637ZM7.056,47.953a7.636,7.636,0,0,1-2.247-5.4v-2.4a7.636,7.636,0,0,1,7.628-7.628H38.076A7.636,7.636,0,0,1,45.7,40.153v2.4a7.636,7.636,0,0,1-7.628,7.628H12.447A7.64,7.64,0,0,1,7.056,47.953Zm-.038-7.8v2.4A5.449,5.449,0,0,0,12.467,48H38.076a5.449,5.449,0,0,0,5.449-5.449v-2.4A5.449,5.449,0,0,0,38.076,34.7H12.467A5.449,5.449,0,0,0,7.018,40.153ZM40.749,26.967H1.09a1.09,1.09,0,1,1,0-2.179H7.715V18.14a1.09,1.09,0,0,1,1.09-1.089h8.718a1.09,1.09,0,0,1,1.09,1.089v6.648h1.7V18.14A1.09,1.09,0,0,1,21.4,17.05H40.749a1.09,1.09,0,0,1,1.09,1.089v6.648h6.648a1.09,1.09,0,0,1,0,2.179ZM39.66,24.787V19.23H22.492v5.558Zm-23.219,0V19.23H9.9v5.558ZM11.7,16.324h.022a1.09,1.09,0,0,1-.843-.415,6.3,6.3,0,0,1-1.715-4,3.836,3.836,0,0,1,.938-2.237,1.689,1.689,0,0,0,.516-1.032A4.1,4.1,0,0,0,9.43,6.131a1.09,1.09,0,1,1,1.678-1.387A5.961,5.961,0,0,1,12.8,8.754a3.837,3.837,0,0,1-.944,2.238,1.74,1.74,0,0,0-.509,1.032,4.155,4.155,0,0,0,1.2,2.521,1.083,1.083,0,0,1-.828,1.781Zm16.71-.785c-1.265-1.214-1.845-2.339-1.78-3.437a3.015,3.015,0,0,1,1-2.005c.32-.326.414-.45.421-.6s-.073-.726-1.112-1.722A1.092,1.092,0,0,1,28.45,6.2c1.265,1.213,1.846,2.339,1.773,3.436A2.986,2.986,0,0,1,29.2,11.609c-.313.327-.407.45-.415.6s.073.726,1.1,1.722a1.09,1.09,0,0,1-.726,1.882l-.022.029A1.075,1.075,0,0,1,28.414,15.539ZM14.879,12.2a1.082,1.082,0,0,1-.145-1.533,4.183,4.183,0,0,0,1.2-2.513,1.812,1.812,0,0,0-.5-1.032,3.753,3.753,0,0,1-.944-2.23A5.939,5.939,0,0,1,16.18.879a1.1,1.1,0,1,1,1.707,1.387,4.18,4.18,0,0,0-1.2,2.513,1.787,1.787,0,0,0,.473,1.032A3.747,3.747,0,0,1,18.1,8.049a5.936,5.936,0,0,1-1.693,4.01,1.074,1.074,0,0,1-.806.4h-.022A1.1,1.1,0,0,1,14.879,12.2Zm17.443-.48a1.1,1.1,0,0,1-.153-1.533,4.113,4.113,0,0,0,1.2-2.521,1.712,1.712,0,0,0-.5-1.024,3.888,3.888,0,0,1-.945-2.237A6,6,0,0,1,33.615.4,1.09,1.09,0,0,1,35.148.246a1.1,1.1,0,0,1,.174,1.54,4.077,4.077,0,0,0-1.22,2.5A1.747,1.747,0,0,0,34.6,5.325a3.833,3.833,0,0,1,.945,2.237,5.947,5.947,0,0,1-1.671,3.989,1.1,1.1,0,0,1-.857.421h-.006A1.071,1.071,0,0,1,32.323,11.725Z\"/>\r\n</svg>\r\n', 'Індукційні плити', 'Індукційні плити', 'Індукційні плити', 'Індукційні плити', 'Індукційні плити', 'Indukcijni-plyty', 2, ''),
(78, 'Шафи пекарські', 71, '<svg xmlns=\"http://www.w3.org/2000/svg\" width=\"49.576\" height=\"85\" viewBox=\"0 0 49.576 85\">\r\n  <path id=\"cooker\" d=\"M42.079,83.91V81.127H9.438V83.91a1.09,1.09,0,0,1-2.18,0V81.079A7.637,7.637,0,0,1,.487,73.5V36.251a7.635,7.635,0,0,1,7.628-7.628H41.949a7.635,7.635,0,0,1,7.628,7.628V73.471a7.635,7.635,0,0,1-5.318,7.3V83.91a1.09,1.09,0,1,1-2.179,0ZM8.115,30.832a5.455,5.455,0,0,0-5.449,5.448V73.5a5.449,5.449,0,0,0,5.449,5.448H41.949A5.455,5.455,0,0,0,47.4,73.5V36.251A5.463,5.463,0,0,0,41.949,30.8ZM4.81,69.671V59.5a7.636,7.636,0,0,1,7.628-7.629H38.076A7.636,7.636,0,0,1,45.7,59.5V69.671a7.635,7.635,0,0,1-7.628,7.592H12.445A7.635,7.635,0,0,1,4.81,69.671ZM8.6,55.637A5.447,5.447,0,0,0,6.989,59.5V69.671a5.456,5.456,0,0,0,5.449,5.449H38.076a5.456,5.456,0,0,0,5.449-5.449V59.5a5.449,5.449,0,0,0-5.449-5.449H12.437A5.447,5.447,0,0,0,8.6,55.637ZM7.056,47.953a7.636,7.636,0,0,1-2.247-5.4v-2.4a7.636,7.636,0,0,1,7.628-7.628H38.076A7.636,7.636,0,0,1,45.7,40.153v2.4a7.636,7.636,0,0,1-7.628,7.628H12.447A7.64,7.64,0,0,1,7.056,47.953Zm-.038-7.8v2.4A5.449,5.449,0,0,0,12.467,48H38.076a5.449,5.449,0,0,0,5.449-5.449v-2.4A5.449,5.449,0,0,0,38.076,34.7H12.467A5.449,5.449,0,0,0,7.018,40.153ZM40.749,26.967H1.09a1.09,1.09,0,1,1,0-2.179H7.715V18.14a1.09,1.09,0,0,1,1.09-1.089h8.718a1.09,1.09,0,0,1,1.09,1.089v6.648h1.7V18.14A1.09,1.09,0,0,1,21.4,17.05H40.749a1.09,1.09,0,0,1,1.09,1.089v6.648h6.648a1.09,1.09,0,0,1,0,2.179ZM39.66,24.787V19.23H22.492v5.558Zm-23.219,0V19.23H9.9v5.558ZM11.7,16.324h.022a1.09,1.09,0,0,1-.843-.415,6.3,6.3,0,0,1-1.715-4,3.836,3.836,0,0,1,.938-2.237,1.689,1.689,0,0,0,.516-1.032A4.1,4.1,0,0,0,9.43,6.131a1.09,1.09,0,1,1,1.678-1.387A5.961,5.961,0,0,1,12.8,8.754a3.837,3.837,0,0,1-.944,2.238,1.74,1.74,0,0,0-.509,1.032,4.155,4.155,0,0,0,1.2,2.521,1.083,1.083,0,0,1-.828,1.781Zm16.71-.785c-1.265-1.214-1.845-2.339-1.78-3.437a3.015,3.015,0,0,1,1-2.005c.32-.326.414-.45.421-.6s-.073-.726-1.112-1.722A1.092,1.092,0,0,1,28.45,6.2c1.265,1.213,1.846,2.339,1.773,3.436A2.986,2.986,0,0,1,29.2,11.609c-.313.327-.407.45-.415.6s.073.726,1.1,1.722a1.09,1.09,0,0,1-.726,1.882l-.022.029A1.075,1.075,0,0,1,28.414,15.539ZM14.879,12.2a1.082,1.082,0,0,1-.145-1.533,4.183,4.183,0,0,0,1.2-2.513,1.812,1.812,0,0,0-.5-1.032,3.753,3.753,0,0,1-.944-2.23A5.939,5.939,0,0,1,16.18.879a1.1,1.1,0,1,1,1.707,1.387,4.18,4.18,0,0,0-1.2,2.513,1.787,1.787,0,0,0,.473,1.032A3.747,3.747,0,0,1,18.1,8.049a5.936,5.936,0,0,1-1.693,4.01,1.074,1.074,0,0,1-.806.4h-.022A1.1,1.1,0,0,1,14.879,12.2Zm17.443-.48a1.1,1.1,0,0,1-.153-1.533,4.113,4.113,0,0,0,1.2-2.521,1.712,1.712,0,0,0-.5-1.024,3.888,3.888,0,0,1-.945-2.237A6,6,0,0,1,33.615.4,1.09,1.09,0,0,1,35.148.246a1.1,1.1,0,0,1,.174,1.54,4.077,4.077,0,0,0-1.22,2.5A1.747,1.747,0,0,0,34.6,5.325a3.833,3.833,0,0,1,.945,2.237,5.947,5.947,0,0,1-1.671,3.989,1.1,1.1,0,0,1-.857.421h-.006A1.071,1.071,0,0,1,32.323,11.725Z\"/>\r\n</svg>\r\n', 'Шафи пекарські', 'Шафи пекарські', 'Шафи пекарські', 'Шафи пекарські', 'Шафи пекарські', 'shafy-pekarski', 3, ''),
(79, 'Шафи жарочні ', 71, '<svg xmlns=\"http://www.w3.org/2000/svg\" width=\"49.576\" height=\"85\" viewBox=\"0 0 49.576 85\">\r\n  <path id=\"cooker\" d=\"M42.079,83.91V81.127H9.438V83.91a1.09,1.09,0,0,1-2.18,0V81.079A7.637,7.637,0,0,1,.487,73.5V36.251a7.635,7.635,0,0,1,7.628-7.628H41.949a7.635,7.635,0,0,1,7.628,7.628V73.471a7.635,7.635,0,0,1-5.318,7.3V83.91a1.09,1.09,0,1,1-2.179,0ZM8.115,30.832a5.455,5.455,0,0,0-5.449,5.448V73.5a5.449,5.449,0,0,0,5.449,5.448H41.949A5.455,5.455,0,0,0,47.4,73.5V36.251A5.463,5.463,0,0,0,41.949,30.8ZM4.81,69.671V59.5a7.636,7.636,0,0,1,7.628-7.629H38.076A7.636,7.636,0,0,1,45.7,59.5V69.671a7.635,7.635,0,0,1-7.628,7.592H12.445A7.635,7.635,0,0,1,4.81,69.671ZM8.6,55.637A5.447,5.447,0,0,0,6.989,59.5V69.671a5.456,5.456,0,0,0,5.449,5.449H38.076a5.456,5.456,0,0,0,5.449-5.449V59.5a5.449,5.449,0,0,0-5.449-5.449H12.437A5.447,5.447,0,0,0,8.6,55.637ZM7.056,47.953a7.636,7.636,0,0,1-2.247-5.4v-2.4a7.636,7.636,0,0,1,7.628-7.628H38.076A7.636,7.636,0,0,1,45.7,40.153v2.4a7.636,7.636,0,0,1-7.628,7.628H12.447A7.64,7.64,0,0,1,7.056,47.953Zm-.038-7.8v2.4A5.449,5.449,0,0,0,12.467,48H38.076a5.449,5.449,0,0,0,5.449-5.449v-2.4A5.449,5.449,0,0,0,38.076,34.7H12.467A5.449,5.449,0,0,0,7.018,40.153ZM40.749,26.967H1.09a1.09,1.09,0,1,1,0-2.179H7.715V18.14a1.09,1.09,0,0,1,1.09-1.089h8.718a1.09,1.09,0,0,1,1.09,1.089v6.648h1.7V18.14A1.09,1.09,0,0,1,21.4,17.05H40.749a1.09,1.09,0,0,1,1.09,1.089v6.648h6.648a1.09,1.09,0,0,1,0,2.179ZM39.66,24.787V19.23H22.492v5.558Zm-23.219,0V19.23H9.9v5.558ZM11.7,16.324h.022a1.09,1.09,0,0,1-.843-.415,6.3,6.3,0,0,1-1.715-4,3.836,3.836,0,0,1,.938-2.237,1.689,1.689,0,0,0,.516-1.032A4.1,4.1,0,0,0,9.43,6.131a1.09,1.09,0,1,1,1.678-1.387A5.961,5.961,0,0,1,12.8,8.754a3.837,3.837,0,0,1-.944,2.238,1.74,1.74,0,0,0-.509,1.032,4.155,4.155,0,0,0,1.2,2.521,1.083,1.083,0,0,1-.828,1.781Zm16.71-.785c-1.265-1.214-1.845-2.339-1.78-3.437a3.015,3.015,0,0,1,1-2.005c.32-.326.414-.45.421-.6s-.073-.726-1.112-1.722A1.092,1.092,0,0,1,28.45,6.2c1.265,1.213,1.846,2.339,1.773,3.436A2.986,2.986,0,0,1,29.2,11.609c-.313.327-.407.45-.415.6s.073.726,1.1,1.722a1.09,1.09,0,0,1-.726,1.882l-.022.029A1.075,1.075,0,0,1,28.414,15.539ZM14.879,12.2a1.082,1.082,0,0,1-.145-1.533,4.183,4.183,0,0,0,1.2-2.513,1.812,1.812,0,0,0-.5-1.032,3.753,3.753,0,0,1-.944-2.23A5.939,5.939,0,0,1,16.18.879a1.1,1.1,0,1,1,1.707,1.387,4.18,4.18,0,0,0-1.2,2.513,1.787,1.787,0,0,0,.473,1.032A3.747,3.747,0,0,1,18.1,8.049a5.936,5.936,0,0,1-1.693,4.01,1.074,1.074,0,0,1-.806.4h-.022A1.1,1.1,0,0,1,14.879,12.2Zm17.443-.48a1.1,1.1,0,0,1-.153-1.533,4.113,4.113,0,0,0,1.2-2.521,1.712,1.712,0,0,0-.5-1.024,3.888,3.888,0,0,1-.945-2.237A6,6,0,0,1,33.615.4,1.09,1.09,0,0,1,35.148.246a1.1,1.1,0,0,1,.174,1.54,4.077,4.077,0,0,0-1.22,2.5A1.747,1.747,0,0,0,34.6,5.325a3.833,3.833,0,0,1,.945,2.237,5.947,5.947,0,0,1-1.671,3.989,1.1,1.1,0,0,1-.857.421h-.006A1.071,1.071,0,0,1,32.323,11.725Z\"/>\r\n</svg>\r\n', 'Шафи жарочні ', 'Шафи жарочні ', 'Шафи жарочні ', 'Шафи жарочні ', 'Шафи жарочні ', 'shafy-zharochni ', 4, ''),
(80, 'Сковороди промислові', 71, '<svg xmlns=\"http://www.w3.org/2000/svg\" width=\"49.576\" height=\"85\" viewBox=\"0 0 49.576 85\">\r\n  <path id=\"cooker\" d=\"M42.079,83.91V81.127H9.438V83.91a1.09,1.09,0,0,1-2.18,0V81.079A7.637,7.637,0,0,1,.487,73.5V36.251a7.635,7.635,0,0,1,7.628-7.628H41.949a7.635,7.635,0,0,1,7.628,7.628V73.471a7.635,7.635,0,0,1-5.318,7.3V83.91a1.09,1.09,0,1,1-2.179,0ZM8.115,30.832a5.455,5.455,0,0,0-5.449,5.448V73.5a5.449,5.449,0,0,0,5.449,5.448H41.949A5.455,5.455,0,0,0,47.4,73.5V36.251A5.463,5.463,0,0,0,41.949,30.8ZM4.81,69.671V59.5a7.636,7.636,0,0,1,7.628-7.629H38.076A7.636,7.636,0,0,1,45.7,59.5V69.671a7.635,7.635,0,0,1-7.628,7.592H12.445A7.635,7.635,0,0,1,4.81,69.671ZM8.6,55.637A5.447,5.447,0,0,0,6.989,59.5V69.671a5.456,5.456,0,0,0,5.449,5.449H38.076a5.456,5.456,0,0,0,5.449-5.449V59.5a5.449,5.449,0,0,0-5.449-5.449H12.437A5.447,5.447,0,0,0,8.6,55.637ZM7.056,47.953a7.636,7.636,0,0,1-2.247-5.4v-2.4a7.636,7.636,0,0,1,7.628-7.628H38.076A7.636,7.636,0,0,1,45.7,40.153v2.4a7.636,7.636,0,0,1-7.628,7.628H12.447A7.64,7.64,0,0,1,7.056,47.953Zm-.038-7.8v2.4A5.449,5.449,0,0,0,12.467,48H38.076a5.449,5.449,0,0,0,5.449-5.449v-2.4A5.449,5.449,0,0,0,38.076,34.7H12.467A5.449,5.449,0,0,0,7.018,40.153ZM40.749,26.967H1.09a1.09,1.09,0,1,1,0-2.179H7.715V18.14a1.09,1.09,0,0,1,1.09-1.089h8.718a1.09,1.09,0,0,1,1.09,1.089v6.648h1.7V18.14A1.09,1.09,0,0,1,21.4,17.05H40.749a1.09,1.09,0,0,1,1.09,1.089v6.648h6.648a1.09,1.09,0,0,1,0,2.179ZM39.66,24.787V19.23H22.492v5.558Zm-23.219,0V19.23H9.9v5.558ZM11.7,16.324h.022a1.09,1.09,0,0,1-.843-.415,6.3,6.3,0,0,1-1.715-4,3.836,3.836,0,0,1,.938-2.237,1.689,1.689,0,0,0,.516-1.032A4.1,4.1,0,0,0,9.43,6.131a1.09,1.09,0,1,1,1.678-1.387A5.961,5.961,0,0,1,12.8,8.754a3.837,3.837,0,0,1-.944,2.238,1.74,1.74,0,0,0-.509,1.032,4.155,4.155,0,0,0,1.2,2.521,1.083,1.083,0,0,1-.828,1.781Zm16.71-.785c-1.265-1.214-1.845-2.339-1.78-3.437a3.015,3.015,0,0,1,1-2.005c.32-.326.414-.45.421-.6s-.073-.726-1.112-1.722A1.092,1.092,0,0,1,28.45,6.2c1.265,1.213,1.846,2.339,1.773,3.436A2.986,2.986,0,0,1,29.2,11.609c-.313.327-.407.45-.415.6s.073.726,1.1,1.722a1.09,1.09,0,0,1-.726,1.882l-.022.029A1.075,1.075,0,0,1,28.414,15.539ZM14.879,12.2a1.082,1.082,0,0,1-.145-1.533,4.183,4.183,0,0,0,1.2-2.513,1.812,1.812,0,0,0-.5-1.032,3.753,3.753,0,0,1-.944-2.23A5.939,5.939,0,0,1,16.18.879a1.1,1.1,0,1,1,1.707,1.387,4.18,4.18,0,0,0-1.2,2.513,1.787,1.787,0,0,0,.473,1.032A3.747,3.747,0,0,1,18.1,8.049a5.936,5.936,0,0,1-1.693,4.01,1.074,1.074,0,0,1-.806.4h-.022A1.1,1.1,0,0,1,14.879,12.2Zm17.443-.48a1.1,1.1,0,0,1-.153-1.533,4.113,4.113,0,0,0,1.2-2.521,1.712,1.712,0,0,0-.5-1.024,3.888,3.888,0,0,1-.945-2.237A6,6,0,0,1,33.615.4,1.09,1.09,0,0,1,35.148.246a1.1,1.1,0,0,1,.174,1.54,4.077,4.077,0,0,0-1.22,2.5A1.747,1.747,0,0,0,34.6,5.325a3.833,3.833,0,0,1,.945,2.237,5.947,5.947,0,0,1-1.671,3.989,1.1,1.1,0,0,1-.857.421h-.006A1.071,1.071,0,0,1,32.323,11.725Z\"/>\r\n</svg>\r\n', 'Сковороди промислові', 'Сковороди промислові', 'Сковороди промислові', 'Сковороди промислові', 'Сковороди промислові', 'skovorody-promyslovi', 5, ''),
(81, 'Котли харчо-варильні', 71, '<svg xmlns=\"http://www.w3.org/2000/svg\" width=\"49.576\" height=\"85\" viewBox=\"0 0 49.576 85\">\r\n  <path id=\"cooker\" d=\"M42.079,83.91V81.127H9.438V83.91a1.09,1.09,0,0,1-2.18,0V81.079A7.637,7.637,0,0,1,.487,73.5V36.251a7.635,7.635,0,0,1,7.628-7.628H41.949a7.635,7.635,0,0,1,7.628,7.628V73.471a7.635,7.635,0,0,1-5.318,7.3V83.91a1.09,1.09,0,1,1-2.179,0ZM8.115,30.832a5.455,5.455,0,0,0-5.449,5.448V73.5a5.449,5.449,0,0,0,5.449,5.448H41.949A5.455,5.455,0,0,0,47.4,73.5V36.251A5.463,5.463,0,0,0,41.949,30.8ZM4.81,69.671V59.5a7.636,7.636,0,0,1,7.628-7.629H38.076A7.636,7.636,0,0,1,45.7,59.5V69.671a7.635,7.635,0,0,1-7.628,7.592H12.445A7.635,7.635,0,0,1,4.81,69.671ZM8.6,55.637A5.447,5.447,0,0,0,6.989,59.5V69.671a5.456,5.456,0,0,0,5.449,5.449H38.076a5.456,5.456,0,0,0,5.449-5.449V59.5a5.449,5.449,0,0,0-5.449-5.449H12.437A5.447,5.447,0,0,0,8.6,55.637ZM7.056,47.953a7.636,7.636,0,0,1-2.247-5.4v-2.4a7.636,7.636,0,0,1,7.628-7.628H38.076A7.636,7.636,0,0,1,45.7,40.153v2.4a7.636,7.636,0,0,1-7.628,7.628H12.447A7.64,7.64,0,0,1,7.056,47.953Zm-.038-7.8v2.4A5.449,5.449,0,0,0,12.467,48H38.076a5.449,5.449,0,0,0,5.449-5.449v-2.4A5.449,5.449,0,0,0,38.076,34.7H12.467A5.449,5.449,0,0,0,7.018,40.153ZM40.749,26.967H1.09a1.09,1.09,0,1,1,0-2.179H7.715V18.14a1.09,1.09,0,0,1,1.09-1.089h8.718a1.09,1.09,0,0,1,1.09,1.089v6.648h1.7V18.14A1.09,1.09,0,0,1,21.4,17.05H40.749a1.09,1.09,0,0,1,1.09,1.089v6.648h6.648a1.09,1.09,0,0,1,0,2.179ZM39.66,24.787V19.23H22.492v5.558Zm-23.219,0V19.23H9.9v5.558ZM11.7,16.324h.022a1.09,1.09,0,0,1-.843-.415,6.3,6.3,0,0,1-1.715-4,3.836,3.836,0,0,1,.938-2.237,1.689,1.689,0,0,0,.516-1.032A4.1,4.1,0,0,0,9.43,6.131a1.09,1.09,0,1,1,1.678-1.387A5.961,5.961,0,0,1,12.8,8.754a3.837,3.837,0,0,1-.944,2.238,1.74,1.74,0,0,0-.509,1.032,4.155,4.155,0,0,0,1.2,2.521,1.083,1.083,0,0,1-.828,1.781Zm16.71-.785c-1.265-1.214-1.845-2.339-1.78-3.437a3.015,3.015,0,0,1,1-2.005c.32-.326.414-.45.421-.6s-.073-.726-1.112-1.722A1.092,1.092,0,0,1,28.45,6.2c1.265,1.213,1.846,2.339,1.773,3.436A2.986,2.986,0,0,1,29.2,11.609c-.313.327-.407.45-.415.6s.073.726,1.1,1.722a1.09,1.09,0,0,1-.726,1.882l-.022.029A1.075,1.075,0,0,1,28.414,15.539ZM14.879,12.2a1.082,1.082,0,0,1-.145-1.533,4.183,4.183,0,0,0,1.2-2.513,1.812,1.812,0,0,0-.5-1.032,3.753,3.753,0,0,1-.944-2.23A5.939,5.939,0,0,1,16.18.879a1.1,1.1,0,1,1,1.707,1.387,4.18,4.18,0,0,0-1.2,2.513,1.787,1.787,0,0,0,.473,1.032A3.747,3.747,0,0,1,18.1,8.049a5.936,5.936,0,0,1-1.693,4.01,1.074,1.074,0,0,1-.806.4h-.022A1.1,1.1,0,0,1,14.879,12.2Zm17.443-.48a1.1,1.1,0,0,1-.153-1.533,4.113,4.113,0,0,0,1.2-2.521,1.712,1.712,0,0,0-.5-1.024,3.888,3.888,0,0,1-.945-2.237A6,6,0,0,1,33.615.4,1.09,1.09,0,0,1,35.148.246a1.1,1.1,0,0,1,.174,1.54,4.077,4.077,0,0,0-1.22,2.5A1.747,1.747,0,0,0,34.6,5.325a3.833,3.833,0,0,1,.945,2.237,5.947,5.947,0,0,1-1.671,3.989,1.1,1.1,0,0,1-.857.421h-.006A1.071,1.071,0,0,1,32.323,11.725Z\"/>\r\n</svg>\r\n', 'Котли харчо-варильні', 'Котли харчо-варильні', 'Котли харчо-варильні', 'Котли харчо-варильні', 'Котли харчо-варильні', 'kotly-xarcho-varyl`ni', 6, ''),
(82, 'Печі для піци', 71, '<svg xmlns=\"http://www.w3.org/2000/svg\" width=\"49.576\" height=\"85\" viewBox=\"0 0 49.576 85\">\r\n  <path id=\"cooker\" d=\"M42.079,83.91V81.127H9.438V83.91a1.09,1.09,0,0,1-2.18,0V81.079A7.637,7.637,0,0,1,.487,73.5V36.251a7.635,7.635,0,0,1,7.628-7.628H41.949a7.635,7.635,0,0,1,7.628,7.628V73.471a7.635,7.635,0,0,1-5.318,7.3V83.91a1.09,1.09,0,1,1-2.179,0ZM8.115,30.832a5.455,5.455,0,0,0-5.449,5.448V73.5a5.449,5.449,0,0,0,5.449,5.448H41.949A5.455,5.455,0,0,0,47.4,73.5V36.251A5.463,5.463,0,0,0,41.949,30.8ZM4.81,69.671V59.5a7.636,7.636,0,0,1,7.628-7.629H38.076A7.636,7.636,0,0,1,45.7,59.5V69.671a7.635,7.635,0,0,1-7.628,7.592H12.445A7.635,7.635,0,0,1,4.81,69.671ZM8.6,55.637A5.447,5.447,0,0,0,6.989,59.5V69.671a5.456,5.456,0,0,0,5.449,5.449H38.076a5.456,5.456,0,0,0,5.449-5.449V59.5a5.449,5.449,0,0,0-5.449-5.449H12.437A5.447,5.447,0,0,0,8.6,55.637ZM7.056,47.953a7.636,7.636,0,0,1-2.247-5.4v-2.4a7.636,7.636,0,0,1,7.628-7.628H38.076A7.636,7.636,0,0,1,45.7,40.153v2.4a7.636,7.636,0,0,1-7.628,7.628H12.447A7.64,7.64,0,0,1,7.056,47.953Zm-.038-7.8v2.4A5.449,5.449,0,0,0,12.467,48H38.076a5.449,5.449,0,0,0,5.449-5.449v-2.4A5.449,5.449,0,0,0,38.076,34.7H12.467A5.449,5.449,0,0,0,7.018,40.153ZM40.749,26.967H1.09a1.09,1.09,0,1,1,0-2.179H7.715V18.14a1.09,1.09,0,0,1,1.09-1.089h8.718a1.09,1.09,0,0,1,1.09,1.089v6.648h1.7V18.14A1.09,1.09,0,0,1,21.4,17.05H40.749a1.09,1.09,0,0,1,1.09,1.089v6.648h6.648a1.09,1.09,0,0,1,0,2.179ZM39.66,24.787V19.23H22.492v5.558Zm-23.219,0V19.23H9.9v5.558ZM11.7,16.324h.022a1.09,1.09,0,0,1-.843-.415,6.3,6.3,0,0,1-1.715-4,3.836,3.836,0,0,1,.938-2.237,1.689,1.689,0,0,0,.516-1.032A4.1,4.1,0,0,0,9.43,6.131a1.09,1.09,0,1,1,1.678-1.387A5.961,5.961,0,0,1,12.8,8.754a3.837,3.837,0,0,1-.944,2.238,1.74,1.74,0,0,0-.509,1.032,4.155,4.155,0,0,0,1.2,2.521,1.083,1.083,0,0,1-.828,1.781Zm16.71-.785c-1.265-1.214-1.845-2.339-1.78-3.437a3.015,3.015,0,0,1,1-2.005c.32-.326.414-.45.421-.6s-.073-.726-1.112-1.722A1.092,1.092,0,0,1,28.45,6.2c1.265,1.213,1.846,2.339,1.773,3.436A2.986,2.986,0,0,1,29.2,11.609c-.313.327-.407.45-.415.6s.073.726,1.1,1.722a1.09,1.09,0,0,1-.726,1.882l-.022.029A1.075,1.075,0,0,1,28.414,15.539ZM14.879,12.2a1.082,1.082,0,0,1-.145-1.533,4.183,4.183,0,0,0,1.2-2.513,1.812,1.812,0,0,0-.5-1.032,3.753,3.753,0,0,1-.944-2.23A5.939,5.939,0,0,1,16.18.879a1.1,1.1,0,1,1,1.707,1.387,4.18,4.18,0,0,0-1.2,2.513,1.787,1.787,0,0,0,.473,1.032A3.747,3.747,0,0,1,18.1,8.049a5.936,5.936,0,0,1-1.693,4.01,1.074,1.074,0,0,1-.806.4h-.022A1.1,1.1,0,0,1,14.879,12.2Zm17.443-.48a1.1,1.1,0,0,1-.153-1.533,4.113,4.113,0,0,0,1.2-2.521,1.712,1.712,0,0,0-.5-1.024,3.888,3.888,0,0,1-.945-2.237A6,6,0,0,1,33.615.4,1.09,1.09,0,0,1,35.148.246a1.1,1.1,0,0,1,.174,1.54,4.077,4.077,0,0,0-1.22,2.5A1.747,1.747,0,0,0,34.6,5.325a3.833,3.833,0,0,1,.945,2.237,5.947,5.947,0,0,1-1.671,3.989,1.1,1.1,0,0,1-.857.421h-.006A1.071,1.071,0,0,1,32.323,11.725Z\"/>\r\n</svg>\r\n', 'Печі для піци', 'Печі для піци', 'Печі для піци', 'Печі для піци', 'Печі для піци', 'pechi-dlya-picy', 7, ''),
(83, 'Печі конвекційні', 71, '<svg xmlns=\"http://www.w3.org/2000/svg\" width=\"49.576\" height=\"85\" viewBox=\"0 0 49.576 85\">\r\n  <path id=\"cooker\" d=\"M42.079,83.91V81.127H9.438V83.91a1.09,1.09,0,0,1-2.18,0V81.079A7.637,7.637,0,0,1,.487,73.5V36.251a7.635,7.635,0,0,1,7.628-7.628H41.949a7.635,7.635,0,0,1,7.628,7.628V73.471a7.635,7.635,0,0,1-5.318,7.3V83.91a1.09,1.09,0,1,1-2.179,0ZM8.115,30.832a5.455,5.455,0,0,0-5.449,5.448V73.5a5.449,5.449,0,0,0,5.449,5.448H41.949A5.455,5.455,0,0,0,47.4,73.5V36.251A5.463,5.463,0,0,0,41.949,30.8ZM4.81,69.671V59.5a7.636,7.636,0,0,1,7.628-7.629H38.076A7.636,7.636,0,0,1,45.7,59.5V69.671a7.635,7.635,0,0,1-7.628,7.592H12.445A7.635,7.635,0,0,1,4.81,69.671ZM8.6,55.637A5.447,5.447,0,0,0,6.989,59.5V69.671a5.456,5.456,0,0,0,5.449,5.449H38.076a5.456,5.456,0,0,0,5.449-5.449V59.5a5.449,5.449,0,0,0-5.449-5.449H12.437A5.447,5.447,0,0,0,8.6,55.637ZM7.056,47.953a7.636,7.636,0,0,1-2.247-5.4v-2.4a7.636,7.636,0,0,1,7.628-7.628H38.076A7.636,7.636,0,0,1,45.7,40.153v2.4a7.636,7.636,0,0,1-7.628,7.628H12.447A7.64,7.64,0,0,1,7.056,47.953Zm-.038-7.8v2.4A5.449,5.449,0,0,0,12.467,48H38.076a5.449,5.449,0,0,0,5.449-5.449v-2.4A5.449,5.449,0,0,0,38.076,34.7H12.467A5.449,5.449,0,0,0,7.018,40.153ZM40.749,26.967H1.09a1.09,1.09,0,1,1,0-2.179H7.715V18.14a1.09,1.09,0,0,1,1.09-1.089h8.718a1.09,1.09,0,0,1,1.09,1.089v6.648h1.7V18.14A1.09,1.09,0,0,1,21.4,17.05H40.749a1.09,1.09,0,0,1,1.09,1.089v6.648h6.648a1.09,1.09,0,0,1,0,2.179ZM39.66,24.787V19.23H22.492v5.558Zm-23.219,0V19.23H9.9v5.558ZM11.7,16.324h.022a1.09,1.09,0,0,1-.843-.415,6.3,6.3,0,0,1-1.715-4,3.836,3.836,0,0,1,.938-2.237,1.689,1.689,0,0,0,.516-1.032A4.1,4.1,0,0,0,9.43,6.131a1.09,1.09,0,1,1,1.678-1.387A5.961,5.961,0,0,1,12.8,8.754a3.837,3.837,0,0,1-.944,2.238,1.74,1.74,0,0,0-.509,1.032,4.155,4.155,0,0,0,1.2,2.521,1.083,1.083,0,0,1-.828,1.781Zm16.71-.785c-1.265-1.214-1.845-2.339-1.78-3.437a3.015,3.015,0,0,1,1-2.005c.32-.326.414-.45.421-.6s-.073-.726-1.112-1.722A1.092,1.092,0,0,1,28.45,6.2c1.265,1.213,1.846,2.339,1.773,3.436A2.986,2.986,0,0,1,29.2,11.609c-.313.327-.407.45-.415.6s.073.726,1.1,1.722a1.09,1.09,0,0,1-.726,1.882l-.022.029A1.075,1.075,0,0,1,28.414,15.539ZM14.879,12.2a1.082,1.082,0,0,1-.145-1.533,4.183,4.183,0,0,0,1.2-2.513,1.812,1.812,0,0,0-.5-1.032,3.753,3.753,0,0,1-.944-2.23A5.939,5.939,0,0,1,16.18.879a1.1,1.1,0,1,1,1.707,1.387,4.18,4.18,0,0,0-1.2,2.513,1.787,1.787,0,0,0,.473,1.032A3.747,3.747,0,0,1,18.1,8.049a5.936,5.936,0,0,1-1.693,4.01,1.074,1.074,0,0,1-.806.4h-.022A1.1,1.1,0,0,1,14.879,12.2Zm17.443-.48a1.1,1.1,0,0,1-.153-1.533,4.113,4.113,0,0,0,1.2-2.521,1.712,1.712,0,0,0-.5-1.024,3.888,3.888,0,0,1-.945-2.237A6,6,0,0,1,33.615.4,1.09,1.09,0,0,1,35.148.246a1.1,1.1,0,0,1,.174,1.54,4.077,4.077,0,0,0-1.22,2.5A1.747,1.747,0,0,0,34.6,5.325a3.833,3.833,0,0,1,.945,2.237,5.947,5.947,0,0,1-1.671,3.989,1.1,1.1,0,0,1-.857.421h-.006A1.071,1.071,0,0,1,32.323,11.725Z\"/>\r\n</svg>\r\n', 'Печі конвекційні', 'Печі конвекційні', 'Печі конвекційні', 'Печі конвекційні', 'Печі конвекційні', 'pechi-konvekcijni', 8, ''),
(84, 'Печі пароконвекційні ', 71, '<svg xmlns=\"http://www.w3.org/2000/svg\" width=\"49.576\" height=\"85\" viewBox=\"0 0 49.576 85\">\r\n  <path id=\"cooker\" d=\"M42.079,83.91V81.127H9.438V83.91a1.09,1.09,0,0,1-2.18,0V81.079A7.637,7.637,0,0,1,.487,73.5V36.251a7.635,7.635,0,0,1,7.628-7.628H41.949a7.635,7.635,0,0,1,7.628,7.628V73.471a7.635,7.635,0,0,1-5.318,7.3V83.91a1.09,1.09,0,1,1-2.179,0ZM8.115,30.832a5.455,5.455,0,0,0-5.449,5.448V73.5a5.449,5.449,0,0,0,5.449,5.448H41.949A5.455,5.455,0,0,0,47.4,73.5V36.251A5.463,5.463,0,0,0,41.949,30.8ZM4.81,69.671V59.5a7.636,7.636,0,0,1,7.628-7.629H38.076A7.636,7.636,0,0,1,45.7,59.5V69.671a7.635,7.635,0,0,1-7.628,7.592H12.445A7.635,7.635,0,0,1,4.81,69.671ZM8.6,55.637A5.447,5.447,0,0,0,6.989,59.5V69.671a5.456,5.456,0,0,0,5.449,5.449H38.076a5.456,5.456,0,0,0,5.449-5.449V59.5a5.449,5.449,0,0,0-5.449-5.449H12.437A5.447,5.447,0,0,0,8.6,55.637ZM7.056,47.953a7.636,7.636,0,0,1-2.247-5.4v-2.4a7.636,7.636,0,0,1,7.628-7.628H38.076A7.636,7.636,0,0,1,45.7,40.153v2.4a7.636,7.636,0,0,1-7.628,7.628H12.447A7.64,7.64,0,0,1,7.056,47.953Zm-.038-7.8v2.4A5.449,5.449,0,0,0,12.467,48H38.076a5.449,5.449,0,0,0,5.449-5.449v-2.4A5.449,5.449,0,0,0,38.076,34.7H12.467A5.449,5.449,0,0,0,7.018,40.153ZM40.749,26.967H1.09a1.09,1.09,0,1,1,0-2.179H7.715V18.14a1.09,1.09,0,0,1,1.09-1.089h8.718a1.09,1.09,0,0,1,1.09,1.089v6.648h1.7V18.14A1.09,1.09,0,0,1,21.4,17.05H40.749a1.09,1.09,0,0,1,1.09,1.089v6.648h6.648a1.09,1.09,0,0,1,0,2.179ZM39.66,24.787V19.23H22.492v5.558Zm-23.219,0V19.23H9.9v5.558ZM11.7,16.324h.022a1.09,1.09,0,0,1-.843-.415,6.3,6.3,0,0,1-1.715-4,3.836,3.836,0,0,1,.938-2.237,1.689,1.689,0,0,0,.516-1.032A4.1,4.1,0,0,0,9.43,6.131a1.09,1.09,0,1,1,1.678-1.387A5.961,5.961,0,0,1,12.8,8.754a3.837,3.837,0,0,1-.944,2.238,1.74,1.74,0,0,0-.509,1.032,4.155,4.155,0,0,0,1.2,2.521,1.083,1.083,0,0,1-.828,1.781Zm16.71-.785c-1.265-1.214-1.845-2.339-1.78-3.437a3.015,3.015,0,0,1,1-2.005c.32-.326.414-.45.421-.6s-.073-.726-1.112-1.722A1.092,1.092,0,0,1,28.45,6.2c1.265,1.213,1.846,2.339,1.773,3.436A2.986,2.986,0,0,1,29.2,11.609c-.313.327-.407.45-.415.6s.073.726,1.1,1.722a1.09,1.09,0,0,1-.726,1.882l-.022.029A1.075,1.075,0,0,1,28.414,15.539ZM14.879,12.2a1.082,1.082,0,0,1-.145-1.533,4.183,4.183,0,0,0,1.2-2.513,1.812,1.812,0,0,0-.5-1.032,3.753,3.753,0,0,1-.944-2.23A5.939,5.939,0,0,1,16.18.879a1.1,1.1,0,1,1,1.707,1.387,4.18,4.18,0,0,0-1.2,2.513,1.787,1.787,0,0,0,.473,1.032A3.747,3.747,0,0,1,18.1,8.049a5.936,5.936,0,0,1-1.693,4.01,1.074,1.074,0,0,1-.806.4h-.022A1.1,1.1,0,0,1,14.879,12.2Zm17.443-.48a1.1,1.1,0,0,1-.153-1.533,4.113,4.113,0,0,0,1.2-2.521,1.712,1.712,0,0,0-.5-1.024,3.888,3.888,0,0,1-.945-2.237A6,6,0,0,1,33.615.4,1.09,1.09,0,0,1,35.148.246a1.1,1.1,0,0,1,.174,1.54,4.077,4.077,0,0,0-1.22,2.5A1.747,1.747,0,0,0,34.6,5.325a3.833,3.833,0,0,1,.945,2.237,5.947,5.947,0,0,1-1.671,3.989,1.1,1.1,0,0,1-.857.421h-.006A1.071,1.071,0,0,1,32.323,11.725Z\"/>\r\n</svg>\r\n', 'Печі пароконвекційні ', 'Печі пароконвекційні ', 'Печі пароконвекційні ', 'Печі пароконвекційні ', 'Печі пароконвекційні ', 'pechi-parokonvekcijni', 9, ''),
(85, 'Шафи розстійні', 71, '<svg xmlns=\"http://www.w3.org/2000/svg\" width=\"49.576\" height=\"85\" viewBox=\"0 0 49.576 85\">\r\n  <path id=\"cooker\" d=\"M42.079,83.91V81.127H9.438V83.91a1.09,1.09,0,0,1-2.18,0V81.079A7.637,7.637,0,0,1,.487,73.5V36.251a7.635,7.635,0,0,1,7.628-7.628H41.949a7.635,7.635,0,0,1,7.628,7.628V73.471a7.635,7.635,0,0,1-5.318,7.3V83.91a1.09,1.09,0,1,1-2.179,0ZM8.115,30.832a5.455,5.455,0,0,0-5.449,5.448V73.5a5.449,5.449,0,0,0,5.449,5.448H41.949A5.455,5.455,0,0,0,47.4,73.5V36.251A5.463,5.463,0,0,0,41.949,30.8ZM4.81,69.671V59.5a7.636,7.636,0,0,1,7.628-7.629H38.076A7.636,7.636,0,0,1,45.7,59.5V69.671a7.635,7.635,0,0,1-7.628,7.592H12.445A7.635,7.635,0,0,1,4.81,69.671ZM8.6,55.637A5.447,5.447,0,0,0,6.989,59.5V69.671a5.456,5.456,0,0,0,5.449,5.449H38.076a5.456,5.456,0,0,0,5.449-5.449V59.5a5.449,5.449,0,0,0-5.449-5.449H12.437A5.447,5.447,0,0,0,8.6,55.637ZM7.056,47.953a7.636,7.636,0,0,1-2.247-5.4v-2.4a7.636,7.636,0,0,1,7.628-7.628H38.076A7.636,7.636,0,0,1,45.7,40.153v2.4a7.636,7.636,0,0,1-7.628,7.628H12.447A7.64,7.64,0,0,1,7.056,47.953Zm-.038-7.8v2.4A5.449,5.449,0,0,0,12.467,48H38.076a5.449,5.449,0,0,0,5.449-5.449v-2.4A5.449,5.449,0,0,0,38.076,34.7H12.467A5.449,5.449,0,0,0,7.018,40.153ZM40.749,26.967H1.09a1.09,1.09,0,1,1,0-2.179H7.715V18.14a1.09,1.09,0,0,1,1.09-1.089h8.718a1.09,1.09,0,0,1,1.09,1.089v6.648h1.7V18.14A1.09,1.09,0,0,1,21.4,17.05H40.749a1.09,1.09,0,0,1,1.09,1.089v6.648h6.648a1.09,1.09,0,0,1,0,2.179ZM39.66,24.787V19.23H22.492v5.558Zm-23.219,0V19.23H9.9v5.558ZM11.7,16.324h.022a1.09,1.09,0,0,1-.843-.415,6.3,6.3,0,0,1-1.715-4,3.836,3.836,0,0,1,.938-2.237,1.689,1.689,0,0,0,.516-1.032A4.1,4.1,0,0,0,9.43,6.131a1.09,1.09,0,1,1,1.678-1.387A5.961,5.961,0,0,1,12.8,8.754a3.837,3.837,0,0,1-.944,2.238,1.74,1.74,0,0,0-.509,1.032,4.155,4.155,0,0,0,1.2,2.521,1.083,1.083,0,0,1-.828,1.781Zm16.71-.785c-1.265-1.214-1.845-2.339-1.78-3.437a3.015,3.015,0,0,1,1-2.005c.32-.326.414-.45.421-.6s-.073-.726-1.112-1.722A1.092,1.092,0,0,1,28.45,6.2c1.265,1.213,1.846,2.339,1.773,3.436A2.986,2.986,0,0,1,29.2,11.609c-.313.327-.407.45-.415.6s.073.726,1.1,1.722a1.09,1.09,0,0,1-.726,1.882l-.022.029A1.075,1.075,0,0,1,28.414,15.539ZM14.879,12.2a1.082,1.082,0,0,1-.145-1.533,4.183,4.183,0,0,0,1.2-2.513,1.812,1.812,0,0,0-.5-1.032,3.753,3.753,0,0,1-.944-2.23A5.939,5.939,0,0,1,16.18.879a1.1,1.1,0,1,1,1.707,1.387,4.18,4.18,0,0,0-1.2,2.513,1.787,1.787,0,0,0,.473,1.032A3.747,3.747,0,0,1,18.1,8.049a5.936,5.936,0,0,1-1.693,4.01,1.074,1.074,0,0,1-.806.4h-.022A1.1,1.1,0,0,1,14.879,12.2Zm17.443-.48a1.1,1.1,0,0,1-.153-1.533,4.113,4.113,0,0,0,1.2-2.521,1.712,1.712,0,0,0-.5-1.024,3.888,3.888,0,0,1-.945-2.237A6,6,0,0,1,33.615.4,1.09,1.09,0,0,1,35.148.246a1.1,1.1,0,0,1,.174,1.54,4.077,4.077,0,0,0-1.22,2.5A1.747,1.747,0,0,0,34.6,5.325a3.833,3.833,0,0,1,.945,2.237,5.947,5.947,0,0,1-1.671,3.989,1.1,1.1,0,0,1-.857.421h-.006A1.071,1.071,0,0,1,32.323,11.725Z\"/>\r\n</svg>\r\n', 'Шафи розстійні', 'Шафи розстійні', 'Шафи розстійні', 'Шафи розстійні', 'Шафи розстійні', 'shafy-rozstijni', 10, '');
INSERT INTO `categories` (`id`, `name`, `parent_id`, `image`, `desription`, `title`, `description_page`, `keywords`, `title_h1`, `slug`, `position`, `picture`) VALUES
(86, 'Мікрохвильові печі', 71, '<svg xmlns=\"http://www.w3.org/2000/svg\" width=\"49.576\" height=\"85\" viewBox=\"0 0 49.576 85\">\r\n  <path id=\"cooker\" d=\"M42.079,83.91V81.127H9.438V83.91a1.09,1.09,0,0,1-2.18,0V81.079A7.637,7.637,0,0,1,.487,73.5V36.251a7.635,7.635,0,0,1,7.628-7.628H41.949a7.635,7.635,0,0,1,7.628,7.628V73.471a7.635,7.635,0,0,1-5.318,7.3V83.91a1.09,1.09,0,1,1-2.179,0ZM8.115,30.832a5.455,5.455,0,0,0-5.449,5.448V73.5a5.449,5.449,0,0,0,5.449,5.448H41.949A5.455,5.455,0,0,0,47.4,73.5V36.251A5.463,5.463,0,0,0,41.949,30.8ZM4.81,69.671V59.5a7.636,7.636,0,0,1,7.628-7.629H38.076A7.636,7.636,0,0,1,45.7,59.5V69.671a7.635,7.635,0,0,1-7.628,7.592H12.445A7.635,7.635,0,0,1,4.81,69.671ZM8.6,55.637A5.447,5.447,0,0,0,6.989,59.5V69.671a5.456,5.456,0,0,0,5.449,5.449H38.076a5.456,5.456,0,0,0,5.449-5.449V59.5a5.449,5.449,0,0,0-5.449-5.449H12.437A5.447,5.447,0,0,0,8.6,55.637ZM7.056,47.953a7.636,7.636,0,0,1-2.247-5.4v-2.4a7.636,7.636,0,0,1,7.628-7.628H38.076A7.636,7.636,0,0,1,45.7,40.153v2.4a7.636,7.636,0,0,1-7.628,7.628H12.447A7.64,7.64,0,0,1,7.056,47.953Zm-.038-7.8v2.4A5.449,5.449,0,0,0,12.467,48H38.076a5.449,5.449,0,0,0,5.449-5.449v-2.4A5.449,5.449,0,0,0,38.076,34.7H12.467A5.449,5.449,0,0,0,7.018,40.153ZM40.749,26.967H1.09a1.09,1.09,0,1,1,0-2.179H7.715V18.14a1.09,1.09,0,0,1,1.09-1.089h8.718a1.09,1.09,0,0,1,1.09,1.089v6.648h1.7V18.14A1.09,1.09,0,0,1,21.4,17.05H40.749a1.09,1.09,0,0,1,1.09,1.089v6.648h6.648a1.09,1.09,0,0,1,0,2.179ZM39.66,24.787V19.23H22.492v5.558Zm-23.219,0V19.23H9.9v5.558ZM11.7,16.324h.022a1.09,1.09,0,0,1-.843-.415,6.3,6.3,0,0,1-1.715-4,3.836,3.836,0,0,1,.938-2.237,1.689,1.689,0,0,0,.516-1.032A4.1,4.1,0,0,0,9.43,6.131a1.09,1.09,0,1,1,1.678-1.387A5.961,5.961,0,0,1,12.8,8.754a3.837,3.837,0,0,1-.944,2.238,1.74,1.74,0,0,0-.509,1.032,4.155,4.155,0,0,0,1.2,2.521,1.083,1.083,0,0,1-.828,1.781Zm16.71-.785c-1.265-1.214-1.845-2.339-1.78-3.437a3.015,3.015,0,0,1,1-2.005c.32-.326.414-.45.421-.6s-.073-.726-1.112-1.722A1.092,1.092,0,0,1,28.45,6.2c1.265,1.213,1.846,2.339,1.773,3.436A2.986,2.986,0,0,1,29.2,11.609c-.313.327-.407.45-.415.6s.073.726,1.1,1.722a1.09,1.09,0,0,1-.726,1.882l-.022.029A1.075,1.075,0,0,1,28.414,15.539ZM14.879,12.2a1.082,1.082,0,0,1-.145-1.533,4.183,4.183,0,0,0,1.2-2.513,1.812,1.812,0,0,0-.5-1.032,3.753,3.753,0,0,1-.944-2.23A5.939,5.939,0,0,1,16.18.879a1.1,1.1,0,1,1,1.707,1.387,4.18,4.18,0,0,0-1.2,2.513,1.787,1.787,0,0,0,.473,1.032A3.747,3.747,0,0,1,18.1,8.049a5.936,5.936,0,0,1-1.693,4.01,1.074,1.074,0,0,1-.806.4h-.022A1.1,1.1,0,0,1,14.879,12.2Zm17.443-.48a1.1,1.1,0,0,1-.153-1.533,4.113,4.113,0,0,0,1.2-2.521,1.712,1.712,0,0,0-.5-1.024,3.888,3.888,0,0,1-.945-2.237A6,6,0,0,1,33.615.4,1.09,1.09,0,0,1,35.148.246a1.1,1.1,0,0,1,.174,1.54,4.077,4.077,0,0,0-1.22,2.5A1.747,1.747,0,0,0,34.6,5.325a3.833,3.833,0,0,1,.945,2.237,5.947,5.947,0,0,1-1.671,3.989,1.1,1.1,0,0,1-.857.421h-.006A1.071,1.071,0,0,1,32.323,11.725Z\"/>\r\n</svg>\r\n', 'Мікрохвильові печі', 'Мікрохвильові печі', 'Мікрохвильові печі', 'Мікрохвильові печі', 'Мікрохвильові печі', 'mikroxvylovi-pechi', 11, ''),
(87, 'Вітрини теплові настільні ', 71, '<svg xmlns=\"http://www.w3.org/2000/svg\" width=\"49.576\" height=\"85\" viewBox=\"0 0 49.576 85\">\r\n  <path id=\"cooker\" d=\"M42.079,83.91V81.127H9.438V83.91a1.09,1.09,0,0,1-2.18,0V81.079A7.637,7.637,0,0,1,.487,73.5V36.251a7.635,7.635,0,0,1,7.628-7.628H41.949a7.635,7.635,0,0,1,7.628,7.628V73.471a7.635,7.635,0,0,1-5.318,7.3V83.91a1.09,1.09,0,1,1-2.179,0ZM8.115,30.832a5.455,5.455,0,0,0-5.449,5.448V73.5a5.449,5.449,0,0,0,5.449,5.448H41.949A5.455,5.455,0,0,0,47.4,73.5V36.251A5.463,5.463,0,0,0,41.949,30.8ZM4.81,69.671V59.5a7.636,7.636,0,0,1,7.628-7.629H38.076A7.636,7.636,0,0,1,45.7,59.5V69.671a7.635,7.635,0,0,1-7.628,7.592H12.445A7.635,7.635,0,0,1,4.81,69.671ZM8.6,55.637A5.447,5.447,0,0,0,6.989,59.5V69.671a5.456,5.456,0,0,0,5.449,5.449H38.076a5.456,5.456,0,0,0,5.449-5.449V59.5a5.449,5.449,0,0,0-5.449-5.449H12.437A5.447,5.447,0,0,0,8.6,55.637ZM7.056,47.953a7.636,7.636,0,0,1-2.247-5.4v-2.4a7.636,7.636,0,0,1,7.628-7.628H38.076A7.636,7.636,0,0,1,45.7,40.153v2.4a7.636,7.636,0,0,1-7.628,7.628H12.447A7.64,7.64,0,0,1,7.056,47.953Zm-.038-7.8v2.4A5.449,5.449,0,0,0,12.467,48H38.076a5.449,5.449,0,0,0,5.449-5.449v-2.4A5.449,5.449,0,0,0,38.076,34.7H12.467A5.449,5.449,0,0,0,7.018,40.153ZM40.749,26.967H1.09a1.09,1.09,0,1,1,0-2.179H7.715V18.14a1.09,1.09,0,0,1,1.09-1.089h8.718a1.09,1.09,0,0,1,1.09,1.089v6.648h1.7V18.14A1.09,1.09,0,0,1,21.4,17.05H40.749a1.09,1.09,0,0,1,1.09,1.089v6.648h6.648a1.09,1.09,0,0,1,0,2.179ZM39.66,24.787V19.23H22.492v5.558Zm-23.219,0V19.23H9.9v5.558ZM11.7,16.324h.022a1.09,1.09,0,0,1-.843-.415,6.3,6.3,0,0,1-1.715-4,3.836,3.836,0,0,1,.938-2.237,1.689,1.689,0,0,0,.516-1.032A4.1,4.1,0,0,0,9.43,6.131a1.09,1.09,0,1,1,1.678-1.387A5.961,5.961,0,0,1,12.8,8.754a3.837,3.837,0,0,1-.944,2.238,1.74,1.74,0,0,0-.509,1.032,4.155,4.155,0,0,0,1.2,2.521,1.083,1.083,0,0,1-.828,1.781Zm16.71-.785c-1.265-1.214-1.845-2.339-1.78-3.437a3.015,3.015,0,0,1,1-2.005c.32-.326.414-.45.421-.6s-.073-.726-1.112-1.722A1.092,1.092,0,0,1,28.45,6.2c1.265,1.213,1.846,2.339,1.773,3.436A2.986,2.986,0,0,1,29.2,11.609c-.313.327-.407.45-.415.6s.073.726,1.1,1.722a1.09,1.09,0,0,1-.726,1.882l-.022.029A1.075,1.075,0,0,1,28.414,15.539ZM14.879,12.2a1.082,1.082,0,0,1-.145-1.533,4.183,4.183,0,0,0,1.2-2.513,1.812,1.812,0,0,0-.5-1.032,3.753,3.753,0,0,1-.944-2.23A5.939,5.939,0,0,1,16.18.879a1.1,1.1,0,1,1,1.707,1.387,4.18,4.18,0,0,0-1.2,2.513,1.787,1.787,0,0,0,.473,1.032A3.747,3.747,0,0,1,18.1,8.049a5.936,5.936,0,0,1-1.693,4.01,1.074,1.074,0,0,1-.806.4h-.022A1.1,1.1,0,0,1,14.879,12.2Zm17.443-.48a1.1,1.1,0,0,1-.153-1.533,4.113,4.113,0,0,0,1.2-2.521,1.712,1.712,0,0,0-.5-1.024,3.888,3.888,0,0,1-.945-2.237A6,6,0,0,1,33.615.4,1.09,1.09,0,0,1,35.148.246a1.1,1.1,0,0,1,.174,1.54,4.077,4.077,0,0,0-1.22,2.5A1.747,1.747,0,0,0,34.6,5.325a3.833,3.833,0,0,1,.945,2.237,5.947,5.947,0,0,1-1.671,3.989,1.1,1.1,0,0,1-.857.421h-.006A1.071,1.071,0,0,1,32.323,11.725Z\"/>\r\n</svg>\r\n', 'Вітрини теплові настільні ', 'Вітрини теплові настільні ', 'Вітрини теплові настільні ', 'Вітрини теплові настільні ', 'Вітрини теплові настільні ', 'vitryny-teplovi-nastilni ', 12, '');

-- --------------------------------------------------------

--
-- Структура таблиці `contacts`
--

CREATE TABLE `contacts` (
  `id` int(255) NOT NULL,
  `title` text NOT NULL,
  `title_page` text NOT NULL,
  `description_page` text NOT NULL,
  `description` text NOT NULL,
  `keywords` text NOT NULL
) ENGINE=InnoDB DEFAULT CHARSET=utf8;

--
-- Дамп даних таблиці `contacts`
--

INSERT INTO `contacts` (`id`, `title`, `title_page`, `description_page`, `description`, `keywords`) VALUES
(1, 'reger', 'gergererrger', 'gergerg', '<p>ergergerg</p>\r\n', 'ergergerg');

-- --------------------------------------------------------

--
-- Структура таблиці `delivery_page`
--

CREATE TABLE `delivery_page` (
  `id` int(255) NOT NULL,
  `title_page` text NOT NULL,
  `keywords` text NOT NULL,
  `description_page` text NOT NULL,
  `title` text NOT NULL,
  `description` text NOT NULL
) ENGINE=InnoDB DEFAULT CHARSET=utf8;

--
-- Дамп даних таблиці `delivery_page`
--

INSERT INTO `delivery_page` (`id`, `title_page`, `keywords`, `description_page`, `title`, `description`) VALUES
(1, 'ergerg', 'erger', 'ergergergerg', 'erger', '<p>erg</p>\r\n');

-- --------------------------------------------------------

--
-- Структура таблиці `options`
--

CREATE TABLE `options` (
  `id` int(255) NOT NULL,
  `name` text NOT NULL,
  `position` int(11) NOT NULL
) ENGINE=InnoDB DEFAULT CHARSET=utf8;

--
-- Дамп даних таблиці `options`
--

INSERT INTO `options` (`id`, `name`, `position`) VALUES
(3, 'Ширина', 1),
(4, 'Колір', 3);

-- --------------------------------------------------------

--
-- Структура таблиці `options_items`
--

CREATE TABLE `options_items` (
  `id` int(11) NOT NULL,
  `name` text NOT NULL,
  `option_id` int(11) NOT NULL
) ENGINE=InnoDB DEFAULT CHARSET=utf8;

--
-- Дамп даних таблиці `options_items`
--

INSERT INTO `options_items` (`id`, `name`, `option_id`) VALUES
(13, '600', 3),
(14, '700', 3),
(15, '800', 3),
(28, 'Червоний', 4),
(29, 'Синій', 4),
(30, 'Зелений', 4);

-- --------------------------------------------------------

--
-- Структура таблиці `payments`
--

CREATE TABLE `payments` (
  `id` int(255) NOT NULL,
  `title` text NOT NULL,
  `title_page` text NOT NULL,
  `description_page` text NOT NULL,
  `keywords` text NOT NULL,
  `description` text NOT NULL
) ENGINE=InnoDB DEFAULT CHARSET=utf8;

--
-- Дамп даних таблиці `payments`
--

INSERT INTO `payments` (`id`, `title`, `title_page`, `description_page`, `keywords`, `description`) VALUES
(1, 'erwgerw', 'gwergerwgwwergeerrerg', 'ergergrgewgerer', 'ergewrgwre', 'gergweg');

-- --------------------------------------------------------

--
-- Структура таблиці `phinxlog`
--

CREATE TABLE `phinxlog` (
  `version` bigint(20) NOT NULL,
  `migration_name` varchar(100) DEFAULT NULL,
  `start_time` timestamp NULL DEFAULT NULL,
  `end_time` timestamp NULL DEFAULT NULL,
  `breakpoint` tinyint(1) NOT NULL DEFAULT '0'
) ENGINE=InnoDB DEFAULT CHARSET=utf8;

--
-- Дамп даних таблиці `phinxlog`
--

INSERT INTO `phinxlog` (`version`, `migration_name`, `start_time`, `end_time`, `breakpoint`) VALUES
(20190404150518, 'CreateUsers', '2019-04-05 04:20:39', '2019-04-05 04:20:39', 0),
(20190409064804, 'AddPassword', '2019-04-09 10:48:12', '2019-04-09 10:48:12', 0),
(20190409134253, 'AddColumnToken', '2019-04-09 10:49:26', '2019-04-09 10:49:26', 0),
(20190409143945, 'AddNewFieldToUsers', '2019-04-10 09:58:46', '2019-04-10 09:58:47', 0),
(20190410134405, 'CreateMediaTable', '2019-04-11 03:37:49', '2019-04-11 03:37:49', 0),
(20190412071409, 'CreateVideoFileColumn', '2019-04-12 04:17:10', '2019-04-12 04:17:11', 0),
(20190416132716, 'TablePlayList', '2019-04-17 05:16:02', '2019-04-17 05:16:03', 0),
(20190416144021, 'CategoryTable', '2019-04-17 05:16:03', '2019-04-17 05:16:03', 0),
(20190417083233, 'PlaylistCategoryTable', '2019-04-17 05:37:32', '2019-04-17 05:37:32', 0),
(20190422065228, 'AddColumnParentIdUsersTable', '2019-04-22 03:54:58', '2019-04-22 03:55:00', 0),
(20190422094220, 'CreateTablePlayListsUsers', '2019-04-22 06:44:22', '2019-04-22 06:44:22', 0),
(20190425074523, 'AddColumnCategoryidTablePlaylists', '2019-04-25 04:49:04', '2019-04-25 04:49:04', 0),
(20190502085156, 'TablePlaylistsMedia', '2019-05-02 05:56:37', '2019-05-02 05:56:38', 0),
(20190502113010, 'AddColumnNamePlaylistItemInPlaylistsMedia', '2019-05-02 08:30:52', '2019-05-02 08:30:52', 0),
(20190503114018, 'TableTags', '2019-05-03 08:41:23', '2019-05-03 08:41:25', 0),
(20190503125419, 'InsertColumnIdCategoryAndDescription', '2019-05-03 09:58:22', '2019-05-03 09:58:23', 0),
(20190503130739, 'TableTagsMedia', '2019-05-03 10:09:40', '2019-05-03 10:09:40', 0),
(20190517114320, 'CreateThemeTable', '2019-05-17 08:54:35', '2019-05-17 08:54:36', 0),
(20190517120637, 'AddColumnThemeidPlaylists', '2019-05-17 09:08:23', '2019-05-17 09:08:24', 0),
(20190519180947, 'AddNewFieldsInUsersTable', '2019-05-19 15:49:19', '2019-05-19 15:49:19', 0),
(20190521105730, 'AddColumnUserIdMediaTable', '2019-05-21 07:59:25', '2019-05-21 07:59:25', 0),
(20190531070800, 'CreateMarqueTable', '2019-05-31 04:10:34', '2019-05-31 04:10:34', 0),
(20190610121253, 'NotificationTable', '2019-06-10 09:16:31', '2019-06-10 09:16:31', 0),
(20190613085216, 'AddNewColumnInMarqueTable', '2019-06-13 06:00:54', '2019-06-13 06:00:54', 0);

-- --------------------------------------------------------

--
-- Структура таблиці `producers`
--

CREATE TABLE `producers` (
  `id` int(255) NOT NULL,
  `name` varchar(1000) NOT NULL,
  `image` varchar(1000) NOT NULL,
  `slug` varchar(1000) NOT NULL,
  `keywords` text NOT NULL,
  `title` text NOT NULL,
  `description` text NOT NULL,
  `description_page` text NOT NULL,
  `title_h1` text NOT NULL
) ENGINE=InnoDB DEFAULT CHARSET=utf8;

--
-- Дамп даних таблиці `producers`
--

INSERT INTO `producers` (`id`, `name`, `image`, `slug`, `keywords`, `title`, `description`, `description_page`, `title_h1`) VALUES
(14, 'admin', '6341c64aec16fdd3a684191e469b6832.jpg', 'memory', 'ergerg', 'ergerger', 'ergerg', 'erg', 'erg');

-- --------------------------------------------------------

--
-- Структура таблиці `products`
--

CREATE TABLE `products` (
  `id` int(11) NOT NULL,
  `title` text NOT NULL,
  `slug` text NOT NULL,
  `description` text NOT NULL,
  `title_page` text NOT NULL,
  `keywords` text NOT NULL,
  `page_description` text NOT NULL,
  `price` float NOT NULL,
  `amount` int(11) NOT NULL,
  `created` datetime NOT NULL,
  `status` int(11) NOT NULL,
  `image` text NOT NULL,
  `category_id` int(11) NOT NULL,
  `producer_id` int(11) NOT NULL,
  `video` text NOT NULL,
  `cod` varchar(1000) NOT NULL
) ENGINE=InnoDB DEFAULT CHARSET=utf8;

--
-- Дамп даних таблиці `products`
--

INSERT INTO `products` (`id`, `title`, `slug`, `description`, `title_page`, `keywords`, `page_description`, `price`, `amount`, `created`, `status`, `image`, `category_id`, `producer_id`, `video`, `cod`) VALUES
(101, 'Virtual books exposition', 'memory', '<p>tytyjtytyj</p>\r\n', 'ydty', 'tytyjytj', 'tyjtyjtyj', 300, 300, '2020-03-08 20:32:30', 0, '8a25f3942fc2b15db8f4f652d8c3033b.jpg', 1, 0, '', ''),
(102, 'Virtual books exposition', 'memory', '<p>ergetrhtrhtrh</p>\r\n', '456546', 'ergergerg', 'ergergerg', 300, 500, '2020-03-10 21:46:33', 0, '005020d49f20f4e93fb127b6cd2f5a0c.jpg', 16, 0, '', ''),
(103, 'Virtual books exposition', 'memory', '<p>ergergerergergreg</p>\r\n', 'fdewrf', 'er', 'gergergerg', 300, 100, '2020-03-14 12:05:32', 0, '19e5ac79fb8c057a1c6886cc79430228.jpg', 18, 0, '', ''),
(104, 'Virtual books exposition', 'memory', '<p>ergerthrthtrh</p>\r\n', 'fdewrf', 'reg', 'reregergerg', 300, 500, '2020-03-14 12:25:57', 0, '8f08f076f275c270d3f4f4d50ad9ddb0.jpg', 18, 11, '', ''),
(105, 'Virtual books exposition', 'memory', '<p>rthtrhtrhtrh</p>\r\n', 'gerg', 'rthtrh', 'rthrth', 300, 300, '2020-03-14 17:09:01', 0, '853d1bb7ace2038470c7b46fe4d41be9.jpg', 18, 11, '', ''),
(106, 'Virtual books exposition', 'memoryd', '<p>trhtrhtrhtrh</p>\r\n', 'ydty', 'rthtrhrthrth', 'rthrth', 300, 300, '2020-03-14 17:14:03', 0, '343e70cfb9e02955ba6754dcdc369f9a.jpg', 18, 14, '', ''),
(177, 'Virtual books exposition', 'memoryd', '<p>укпукпукупукп</p>\r\n', 'jtyj', 'укцкуп', 'укппукп', 200, 500, '2020-03-19 15:22:14', 0, '62f09a31af515846e10745446e25e75e.jpg', 28, 14, '', ''),
(178, 'кер', 'керкеркер', '<p>реркер</p>\r\n', '23423', '4234', 'еккеркерек', 423, 200, '2020-03-19 16:18:32', 0, 'fc1afcd39519dddadb8b51baeb41e5dd.jpg', 28, 14, '', ''),
(179, 'Virtual books exposition', 'memory', '<p>rthrthtrh</p>\r\n', 'fdewrf', 'rtrttrh', 'rth', 11, 500, '2020-03-19 17:38:38', 0, '94879149ba7f0c514eaadaefb2fd8bc7.jpg', 28, 14, '', ''),
(180, 'Virtual books exposition', 'memory', '<p>укпкупукп</p>\r\n', 'fdewrf', 'укпукпукп', 'укп', 345, 500, '2020-03-19 18:47:49', 0, '5c42d0e31a85ced341b2004b2a856b77.jpg', 28, 14, 'уепепкуе', ''),
(194, 'Virtual books expositio', 'memory', '<p>пукукпупукп</p>\r\n', 'fdewrf', 'укцп', 'укцпукц', 300, 500, '2020-03-20 17:37:26', 0, '915335e99d072a6e0e56d3f4c4b86dc4.jpg', 31, 14, '', ''),
(195, 'Virtual books expositio', 'memoryerg', '<p>ergergergerg</p>\r\n', 'fdewrf', 'ergergerger', 'gerg', 5, 500, '2020-03-21 10:36:38', 0, 'ac4f49c28dee1dafb9b0cd95073a7324.jpg', 30, 14, 'ergergergr', '0E6A62630EF08B5E');

-- --------------------------------------------------------

--
-- Структура таблиці `products_gallery`
--

CREATE TABLE `products_gallery` (
  `id` int(255) NOT NULL,
  `product_id` int(255) NOT NULL,
  `name` text NOT NULL,
  `position` int(11) NOT NULL,
  `alt` varchar(1000) NOT NULL
) ENGINE=InnoDB DEFAULT CHARSET=utf8;

--
-- Дамп даних таблиці `products_gallery`
--

INSERT INTO `products_gallery` (`id`, `product_id`, `name`, `position`, `alt`) VALUES
(104, 96, 'a89d618a8460d15d4be74666cabb7968.jpg', 0, ''),
(105, 96, 'c86d4e6356b0bf2019b17bb46f0440e1.jpg', 0, ''),
(123, 101, 'dd85c6a57ada7810164c7b164ee2f9ee.jpg', 0, ''),
(124, 101, 'eceef3c4980ede03850b7eee5aef7177.png', 0, ''),
(125, 101, '8f43239da52e900332b23e4f20405c9a.jpg', 0, ''),
(126, 102, '194d98321830c690d0d4298468315669.jpg', 0, ''),
(127, 102, '1258d201c118516474155e61f22c6d0c.jpg', 1, ''),
(128, 103, '7919a16f65407ca9518a31903168d7dd.jpg', 0, ''),
(129, 103, '46bb3fa56dd1896879959a2313b8bad3.jpg', 1, ''),
(130, 104, '5f1c32b54b77ffd5ec19a88ba0712e5b.jpg', 0, ''),
(131, 104, '221ed201185e5d2c4ee76f69436d2317.jpg', 1, ''),
(132, 105, 'e9b5a124ea6ddbc561391f4118cdeaba.jpg', 0, ''),
(133, 105, 'd3c308e24a70f9855275bd323a22ffcc.jpg', 1, ''),
(134, 106, '6831ffed8ae7c5ff1aa1bea79b14cc4e.jpg', 0, ''),
(135, 106, '778ff317f265d527b6734d8231a77a3a.jpg', 1, ''),
(136, 106, '310919ff21c26499b865e0b8d00ed73c.jpg', 2, ''),
(168, 125, '7eb5f934e14b9f4b907e5d5cff31b6c5.jpg', 0, ''),
(169, 125, '1f7fbff0fa9db4a96fb350083a4d7b91.jpg', 1, '');

-- --------------------------------------------------------

--
-- Структура таблиці `products_options`
--

CREATE TABLE `products_options` (
  `id` int(255) NOT NULL,
  `options_items_id` int(11) NOT NULL,
  `product_id` int(11) NOT NULL,
  `value` int(11) NOT NULL
) ENGINE=InnoDB DEFAULT CHARSET=utf8;

--
-- Дамп даних таблиці `products_options`
--

INSERT INTO `products_options` (`id`, `options_items_id`, `product_id`, `value`) VALUES
(38, 28, 186, 34),
(39, 29, 186, 24234),
(40, 30, 186, 324),
(41, 13, 186, 3324),
(42, 14, 186, 234),
(43, 28, 187, 500),
(44, 29, 187, 600),
(63, 13, 188, 200),
(64, 13, 188, 200),
(65, 14, 188, 200),
(66, 14, 188, 200),
(67, 15, 188, 200),
(68, 28, 188, 200),
(69, 28, 188, 200),
(70, 29, 188, 200),
(71, 29, 188, 300),
(78, 13, 190, 100),
(79, 14, 190, 200),
(80, 15, 190, 300),
(81, 28, 190, 100),
(82, 29, 190, 200),
(83, 30, 190, 300),
(84, 13, 190, 100),
(85, 13, 191, 20),
(86, 13, 192, 200),
(87, 29, 193, 200),
(92, 13, 194, 100),
(93, 29, 194, 300),
(100, 13, 195, 300),
(101, 14, 195, 600);

-- --------------------------------------------------------

--
-- Структура таблиці `publicss`
--

CREATE TABLE `publicss` (
  `id` int(11) NOT NULL,
  `title` text NOT NULL,
  `title_page` text NOT NULL,
  `description_page` text NOT NULL,
  `description` text NOT NULL,
  `keywords` text NOT NULL
) ENGINE=InnoDB DEFAULT CHARSET=utf8;

--
-- Дамп даних таблиці `publicss`
--

INSERT INTO `publicss` (`id`, `title`, `title_page`, `description_page`, `description`, `keywords`) VALUES
(1, 'erg', 'grthtrhrt', 'htrhregergerg', '<p>rthrt</p>\r\n', 'hrth');

-- --------------------------------------------------------

--
-- Структура таблиці `rules`
--

CREATE TABLE `rules` (
  `id` int(255) NOT NULL,
  `title_page` text NOT NULL,
  `keywords` text NOT NULL,
  `description_page` text NOT NULL,
  `title` text NOT NULL,
  `description` text NOT NULL
) ENGINE=InnoDB DEFAULT CHARSET=utf8;

--
-- Дамп даних таблиці `rules`
--

INSERT INTO `rules` (`id`, `title_page`, `keywords`, `description_page`, `title`, `description`) VALUES
(1, 'укпукппук', 'укпукукпупукп', 'укпукп', 'укпукпк', 'укпукпукп');

-- --------------------------------------------------------

--
-- Структура таблиці `seo`
--

CREATE TABLE `seo` (
  `id` int(255) NOT NULL,
  `title` varchar(1000) NOT NULL,
  `description` varchar(1000) NOT NULL,
  `keywords` varchar(1000) NOT NULL
) ENGINE=InnoDB DEFAULT CHARSET=utf8;

--
-- Дамп даних таблиці `seo`
--

INSERT INTO `seo` (`id`, `title`, `description`, `keywords`) VALUES
(1, 'Plug-TV', 'Plug-TV-description', 'Plug-TV-keywords');

-- --------------------------------------------------------

--
-- Структура таблиці `settings`
--

CREATE TABLE `settings` (
  `id` int(255) NOT NULL,
  `name` text NOT NULL,
  `logo` text NOT NULL,
  `description_page` text NOT NULL,
  `keywords` text NOT NULL,
  `address` text NOT NULL,
  `time` text NOT NULL,
  `locate` text NOT NULL,
  `email` text NOT NULL,
  `phones` text NOT NULL
) ENGINE=InnoDB DEFAULT CHARSET=utf8;

--
-- Дамп даних таблиці `settings`
--

INSERT INTO `settings` (`id`, `name`, `logo`, `description_page`, `keywords`, `address`, `time`, `locate`, `email`, `phones`) VALUES
(1, 'trhtrh', '54bd5df4861a3d0ed84ede3626332141.jpg', 'hrthrt', 'trhrth', 'trhtrh', 'rthrthrth', 'trhrth', 'erger@gmail.com', 'rthrthtrh');

-- --------------------------------------------------------

--
-- Структура таблиці `users`
--

CREATE TABLE `users` (
  `id` int(11) NOT NULL,
  `firstname` varchar(255) NOT NULL,
  `lastname` varchar(255) NOT NULL,
  `mail` varchar(50) NOT NULL,
  `is_admin` int(255) DEFAULT '0',
  `active` tinyint(1) DEFAULT '1',
  `created` datetime DEFAULT NULL,
  `modified` datetime DEFAULT NULL,
  `password` varchar(255) NOT NULL,
  `token` varchar(255) NOT NULL,
  `allow_read` tinyint(1) NOT NULL DEFAULT '1',
  `allow_write` tinyint(1) NOT NULL DEFAULT '0',
  `allow_edit` tinyint(1) NOT NULL DEFAULT '0',
  `allow_delete` tinyint(1) NOT NULL DEFAULT '0',
  `status` tinyint(1) NOT NULL DEFAULT '1',
  `parent_id` int(1) NOT NULL DEFAULT '0',
  `address` varchar(255) NOT NULL,
  `city` varchar(255) NOT NULL,
  `zone` varchar(255) NOT NULL,
  `phone` varchar(255) NOT NULL,
  `business` varchar(255) NOT NULL,
  `program_id` int(255) NOT NULL
) ENGINE=InnoDB DEFAULT CHARSET=utf8;

--
-- Дамп даних таблиці `users`
--

INSERT INTO `users` (`id`, `firstname`, `lastname`, `mail`, `is_admin`, `active`, `created`, `modified`, `password`, `token`, `allow_read`, `allow_write`, `allow_edit`, `allow_delete`, `status`, `parent_id`, `address`, `city`, `zone`, `phone`, `business`, `program_id`) VALUES
(235, 'Andrii', 'Savchynetch', 'test@test.com', 2, 1, NULL, NULL, '$2y$10$DRM4voGubq.lEXUCeRaDhuvMOEV5YdN7kvZQ1.168z9dzaxOWQ5qG', '', 1, 1, 1, 1, 1, 0, '', '', '', '', '', 0),
(276, 'ertert', '34t34t34t34', 't34t34t34t@regerge.com', 1, 1, '2019-09-02 07:07:34', '2019-09-02 07:07:34', '$2y$10$ThV2I0n2TOToNVycQbQq6uE9LxssE2gTsZbM0KTqbQQlkfBHJYL4a', '', 1, 0, 0, 0, 1, 0, '345', '345345', '', '', '', 2),
(278, 'admin', 'Savchynetch', 'andrsaw45@gmail.com', 0, 1, '2019-09-02 08:17:43', '2019-09-02 08:17:43', '$2y$10$gU2h98jFK0JOUh8rv88IeeytpHwFHjFnv21OrwzvhHF0eybtTmf3q', '', 1, 0, 0, 0, 1, 276, '', '', '', '', '', 0),
(280, 'Andrii', 'Savchynetch', 'andrsaw4@gmail.com', 1, 1, '2019-09-03 13:51:33', '2019-09-03 13:51:33', '$2y$10$Dvu6TuZVG34SXfiZ78igbuP4xl.vokyXP3RsT7.0Rc/yi13m7apfa', '', 1, 0, 0, 0, 1, 0, '', '', '', '', '', 4),
(281, 'Andrii', 'Savchynetch', 'an234234drsaw4@gmail.com', 1, 0, '0000-00-00 00:00:00', '2020-03-15 11:42:45', '$2y$10$2C1oy3ue28V/iheJlCGiGedhnyllFkmdf9Svp9NB6ezxjBQjdd//2', '', 1, 0, 0, 0, 1, 0, '', '', '', '', '', 5);

--
-- Індекси збережених таблиць
--

--
-- Індекси таблиці `aboutus`
--
ALTER TABLE `aboutus`
  ADD PRIMARY KEY (`id`);

--
-- Індекси таблиці `actions`
--
ALTER TABLE `actions`
  ADD PRIMARY KEY (`id`);

--
-- Індекси таблиці `attributes`
--
ALTER TABLE `attributes`
  ADD PRIMARY KEY (`id`);

--
-- Індекси таблиці `attributes_categories`
--
ALTER TABLE `attributes_categories`
  ADD PRIMARY KEY (`id`);

--
-- Індекси таблиці `attributes_items`
--
ALTER TABLE `attributes_items`
  ADD PRIMARY KEY (`id`);

--
-- Індекси таблиці `attributes_products`
--
ALTER TABLE `attributes_products`
  ADD PRIMARY KEY (`id`);

--
-- Індекси таблиці `a_dmad_hybrid_auth_phinxlog`
--
ALTER TABLE `a_dmad_hybrid_auth_phinxlog`
  ADD PRIMARY KEY (`version`);

--
-- Індекси таблиці `blogs`
--
ALTER TABLE `blogs`
  ADD PRIMARY KEY (`id`);

--
-- Індекси таблиці `blog_categories`
--
ALTER TABLE `blog_categories`
  ADD PRIMARY KEY (`id`);

--
-- Індекси таблиці `categories`
--
ALTER TABLE `categories`
  ADD PRIMARY KEY (`id`);

--
-- Індекси таблиці `contacts`
--
ALTER TABLE `contacts`
  ADD PRIMARY KEY (`id`);

--
-- Індекси таблиці `delivery_page`
--
ALTER TABLE `delivery_page`
  ADD PRIMARY KEY (`id`);

--
-- Індекси таблиці `options`
--
ALTER TABLE `options`
  ADD PRIMARY KEY (`id`);

--
-- Індекси таблиці `options_items`
--
ALTER TABLE `options_items`
  ADD PRIMARY KEY (`id`);

--
-- Індекси таблиці `payments`
--
ALTER TABLE `payments`
  ADD PRIMARY KEY (`id`);

--
-- Індекси таблиці `phinxlog`
--
ALTER TABLE `phinxlog`
  ADD PRIMARY KEY (`version`);

--
-- Індекси таблиці `producers`
--
ALTER TABLE `producers`
  ADD PRIMARY KEY (`id`);

--
-- Індекси таблиці `products`
--
ALTER TABLE `products`
  ADD PRIMARY KEY (`id`);

--
-- Індекси таблиці `products_gallery`
--
ALTER TABLE `products_gallery`
  ADD PRIMARY KEY (`id`);

--
-- Індекси таблиці `products_options`
--
ALTER TABLE `products_options`
  ADD PRIMARY KEY (`id`);

--
-- Індекси таблиці `publicss`
--
ALTER TABLE `publicss`
  ADD PRIMARY KEY (`id`);

--
-- Індекси таблиці `rules`
--
ALTER TABLE `rules`
  ADD PRIMARY KEY (`id`);

--
-- Індекси таблиці `seo`
--
ALTER TABLE `seo`
  ADD PRIMARY KEY (`id`);

--
-- Індекси таблиці `settings`
--
ALTER TABLE `settings`
  ADD PRIMARY KEY (`id`);

--
-- Індекси таблиці `users`
--
ALTER TABLE `users`
  ADD PRIMARY KEY (`id`),
  ADD UNIQUE KEY `EMAIL_INDEX` (`mail`);

--
-- AUTO_INCREMENT для збережених таблиць
--

--
-- AUTO_INCREMENT для таблиці `aboutus`
--
ALTER TABLE `aboutus`
  MODIFY `id` int(11) NOT NULL AUTO_INCREMENT, AUTO_INCREMENT=3;
--
-- AUTO_INCREMENT для таблиці `actions`
--
ALTER TABLE `actions`
  MODIFY `id` int(255) NOT NULL AUTO_INCREMENT;
--
-- AUTO_INCREMENT для таблиці `attributes`
--
ALTER TABLE `attributes`
  MODIFY `id` int(11) NOT NULL AUTO_INCREMENT, AUTO_INCREMENT=13;
--
-- AUTO_INCREMENT для таблиці `attributes_categories`
--
ALTER TABLE `attributes_categories`
  MODIFY `id` int(11) NOT NULL AUTO_INCREMENT, AUTO_INCREMENT=111;
--
-- AUTO_INCREMENT для таблиці `attributes_items`
--
ALTER TABLE `attributes_items`
  MODIFY `id` int(255) NOT NULL AUTO_INCREMENT, AUTO_INCREMENT=4;
--
-- AUTO_INCREMENT для таблиці `attributes_products`
--
ALTER TABLE `attributes_products`
  MODIFY `id` int(255) NOT NULL AUTO_INCREMENT, AUTO_INCREMENT=193;
--
-- AUTO_INCREMENT для таблиці `blogs`
--
ALTER TABLE `blogs`
  MODIFY `id` int(255) NOT NULL AUTO_INCREMENT, AUTO_INCREMENT=15;
--
-- AUTO_INCREMENT для таблиці `blog_categories`
--
ALTER TABLE `blog_categories`
  MODIFY `id` int(255) NOT NULL AUTO_INCREMENT, AUTO_INCREMENT=2;
--
-- AUTO_INCREMENT для таблиці `categories`
--
ALTER TABLE `categories`
  MODIFY `id` int(11) NOT NULL AUTO_INCREMENT, AUTO_INCREMENT=88;
--
-- AUTO_INCREMENT для таблиці `contacts`
--
ALTER TABLE `contacts`
  MODIFY `id` int(255) NOT NULL AUTO_INCREMENT, AUTO_INCREMENT=2;
--
-- AUTO_INCREMENT для таблиці `delivery_page`
--
ALTER TABLE `delivery_page`
  MODIFY `id` int(255) NOT NULL AUTO_INCREMENT, AUTO_INCREMENT=2;
--
-- AUTO_INCREMENT для таблиці `options`
--
ALTER TABLE `options`
  MODIFY `id` int(255) NOT NULL AUTO_INCREMENT, AUTO_INCREMENT=5;
--
-- AUTO_INCREMENT для таблиці `options_items`
--
ALTER TABLE `options_items`
  MODIFY `id` int(11) NOT NULL AUTO_INCREMENT, AUTO_INCREMENT=31;
--
-- AUTO_INCREMENT для таблиці `payments`
--
ALTER TABLE `payments`
  MODIFY `id` int(255) NOT NULL AUTO_INCREMENT, AUTO_INCREMENT=2;
--
-- AUTO_INCREMENT для таблиці `producers`
--
ALTER TABLE `producers`
  MODIFY `id` int(255) NOT NULL AUTO_INCREMENT, AUTO_INCREMENT=15;
--
-- AUTO_INCREMENT для таблиці `products`
--
ALTER TABLE `products`
  MODIFY `id` int(11) NOT NULL AUTO_INCREMENT, AUTO_INCREMENT=196;
--
-- AUTO_INCREMENT для таблиці `products_gallery`
--
ALTER TABLE `products_gallery`
  MODIFY `id` int(255) NOT NULL AUTO_INCREMENT, AUTO_INCREMENT=170;
--
-- AUTO_INCREMENT для таблиці `products_options`
--
ALTER TABLE `products_options`
  MODIFY `id` int(255) NOT NULL AUTO_INCREMENT, AUTO_INCREMENT=102;
--
-- AUTO_INCREMENT для таблиці `publicss`
--
ALTER TABLE `publicss`
  MODIFY `id` int(11) NOT NULL AUTO_INCREMENT, AUTO_INCREMENT=2;
--
-- AUTO_INCREMENT для таблиці `rules`
--
ALTER TABLE `rules`
  MODIFY `id` int(255) NOT NULL AUTO_INCREMENT, AUTO_INCREMENT=2;
--
-- AUTO_INCREMENT для таблиці `seo`
--
ALTER TABLE `seo`
  MODIFY `id` int(255) NOT NULL AUTO_INCREMENT, AUTO_INCREMENT=2;
--
-- AUTO_INCREMENT для таблиці `settings`
--
ALTER TABLE `settings`
  MODIFY `id` int(255) NOT NULL AUTO_INCREMENT, AUTO_INCREMENT=2;
--
-- AUTO_INCREMENT для таблиці `users`
--
ALTER TABLE `users`
  MODIFY `id` int(11) NOT NULL AUTO_INCREMENT, AUTO_INCREMENT=282;COMMIT;

/*!40101 SET CHARACTER_SET_CLIENT=@OLD_CHARACTER_SET_CLIENT */;
/*!40101 SET CHARACTER_SET_RESULTS=@OLD_CHARACTER_SET_RESULTS */;
/*!40101 SET COLLATION_CONNECTION=@OLD_COLLATION_CONNECTION */;
